contrato_id,portafolio_id,producto,fecha_emision,inicio_cobertura,fin_cobertura,fecha_primer_pago
POL0000001,HOGAR,HOGAR,2023-03-10,2023-03-12,2024-03-11,
POL0000002,CUMPLIMIENTO,CUMPL_PRIVADO,2023-12-09,2023-12-15,2025-12-14,
POL0000003,HOGAR,HOGAR,2024-10-18,2024-10-25,2025-10-24,
POL0000004,VIDA_DEUDORES,VIDA_DEUDORES,2024-07-15,2024-07-25,2028-07-24,
POL0000005,HOGAR,HOGAR,2023-01-18,2023-01-23,2024-01-22,
POL0000006,AUTOS,AUTOS_PESADOS,2024-05-11,2024-05-21,2025-05-20,
POL0000007,VIDA_DEUDORES,VIDA_DEUDORES,2023-07-29,2023-08-03,2027-08-02,
POL0000008,AUTOS,AUTOS_LIVIANOS,2024-09-12,2024-09-19,2025-09-18,
POL0000009,CUMPLIMIENTO,CUMPL_ESTATAL,2024-10-26,2024-11-03,2025-11-02,
POL0000010,AUTOS,AUTOS_PESADOS,2024-10-11,2024-10-17,2025-10-16,
POL0000011,VIDA_DEUDORES,VIDA_DEUDORES,2023-01-12,2023-01-23,2028-01-22,
POL0000012,AUTOS,AUTOS_LIVIANOS,2024-02-08,2024-02-08,2025-02-07,
POL0000013,AUTOS,AUTOS_LIVIANOS,2024-09-27,2024-10-12,2025-10-11,2024-11-11
POL0000014,HOGAR,HOGAR,2024-03-22,2024-03-30,2025-03-29,
POL0000015,VIDA_DEUDORES,VIDA_DEUDORES,2023-04-19,2023-04-23,2027-04-22,
POL0000016,HOGAR,HOGAR,2024-07-27,2024-08-03,2025-08-02,
POL0000017,VIDA_DEUDORES,VIDA_DEUDORES,2024-11-16,2024-11-28,2027-11-27,
POL0000018,SOAT,SOAT,2024-08-07,2024-08-14,2025-08-13,2024-09-13
POL0000019,AUTOS,AUTOS_PESADOS,2024-10-13,2024-10-13,2025-10-12,
POL0000020,VIDA_DEUDORES,VIDA_DEUDORES,2023-06-13,2023-06-23,2026-06-22,2023-07-23
POL0000021,CUMPLIMIENTO,CUMPL_ESTATAL,2023-01-21,2023-01-30,2026-01-29,
POL0000022,HOGAR,HOGAR,2024-07-06,2024-07-20,2025-07-19,
POL0000023,CUMPLIMIENTO,CUMPL_PRIVADO,2023-01-04,2023-01-07,2026-01-06,
POL0000024,HOGAR,HOGAR,2023-02-18,2023-02-19,2024-02-18,
POL0000025,SOAT,SOAT,2024-09-21,2024-09-30,2025-09-29,
POL0000026,VIDA_DEUDORES,VIDA_DEUDORES,2023-08-05,2023-08-13,2028-08-12,
POL0000027,CUMPLIMIENTO,CUMPL_ESTATAL,2024-01-29,2024-02-03,2025-02-02,
POL0000028,VIDA_DEUDORES,VIDA_DEUDORES,2023-02-25,2023-03-08,2026-03-07,
POL0000029,CUMPLIMIENTO,CUMPL_ESTATAL,2023-12-31,2024-01-01,2024-12-31,
POL0000030,HOGAR,HOGAR,2024-08-25,2024-09-01,2025-08-31,
POL0000031,AUTOS,AUTOS_LIVIANOS,2023-02-15,2023-02-16,2024-02-15,
POL0000032,CUMPLIMIENTO,CUMPL_ESTATAL,2024-07-31,2024-08-03,2027-08-02,
POL0000033,SOAT,SOAT,2023-03-01,2023-03-15,2024-03-14,
POL0000034,VIDA_DEUDORES,VIDA_DEUDORES,2023-01-20,2023-02-03,2026-02-02,
POL0000035,CUMPLIMIENTO,CUMPL_ESTATAL,2023-09-05,2023-09-15,2025-09-14,
POL0000036,CUMPLIMIENTO,CUMPL_ESTATAL,2024-08-22,2024-09-06,2027-09-05,2024-10-06
POL0000037,CUMPLIMIENTO,CUMPL_PRIVADO,2023-04-01,2023-04-07,2024-04-06,2023-05-07
POL0000038,CUMPLIMIENTO,CUMPL_PRIVADO,2024-08-19,2024-08-23,2026-08-22,
POL0000039,HOGAR,HOGAR,2024-10-25,2024-11-01,2025-10-31,
POL0000040,HOGAR,HOGAR,2023-08-17,2023-08-27,2024-08-26,
POL0000041,HOGAR,HOGAR,2024-11-09,2024-11-23,2025-11-22,2024-12-23
POL0000042,HOGAR,HOGAR,2024-05-13,2024-05-16,2025-05-15,2024-06-15
POL0000043,AUTOS,AUTOS_PESADOS,2024-12-10,2024-12-22,2025-12-21,2025-01-21
POL0000044,SOAT,SOAT,2024-06-12,2024-06-13,2025-06-12,
POL0000045,VIDA_DEUDORES,VIDA_DEUDORES,2023-05-17,2023-05-30,2028-05-29,2023-06-29
POL0000046,CUMPLIMIENTO,CUMPL_PRIVADO,2024-04-18,2024-04-23,2027-04-22,
POL0000047,AUTOS,AUTOS_LIVIANOS,2024-09-24,2024-09-29,2025-09-28,
POL0000048,SOAT,SOAT,2023-08-17,2023-09-01,2024-08-31,
POL0000049,CUMPLIMIENTO,CUMPL_ESTATAL,2024-07-05,2024-07-12,2026-07-11,
POL0000050,CUMPLIMIENTO,CUMPL_ESTATAL,2024-05-10,2024-05-17,2026-05-16,
POL0000051,SOAT,SOAT,2023-01-12,2023-01-18,2024-01-17,
POL0000052,CUMPLIMIENTO,CUMPL_ESTATAL,2024-07-29,2024-08-10,2026-08-09,
POL0000053,SOAT,SOAT,2023-11-21,2023-12-04,2024-12-03,
POL0000054,CUMPLIMIENTO,CUMPL_ESTATAL,2023-10-17,2023-10-22,2026-10-21,
POL0000055,SOAT,SOAT,2023-05-25,2023-06-02,2024-06-01,
POL0000056,SOAT,SOAT,2024-01-13,2024-01-24,2025-01-23,
POL0000057,VIDA_DEUDORES,VIDA_DEUDORES,2024-10-01,2024-10-16,2027-10-15,
POL0000058,HOGAR,HOGAR,2024-11-06,2024-11-21,2025-11-20,2024-12-21
POL0000059,AUTOS,AUTOS_PESADOS,2024-11-20,2024-11-28,2025-11-27,
POL0000060,CUMPLIMIENTO,CUMPL_PRIVADO,2024-09-16,2024-09-20,2026-09-19,
POL0000061,VIDA_DEUDORES,VIDA_DEUDORES,2024-05-24,2024-05-27,2027-05-26,
POL0000062,SOAT,SOAT,2023-03-03,2023-03-16,2024-03-15,2023-04-15
POL0000063,VIDA_DEUDORES,VIDA_DEUDORES,2023-06-08,2023-06-22,2027-06-21,
POL0000064,HOGAR,HOGAR,2024-11-04,2024-11-17,2025-11-16,
POL0000065,SOAT,SOAT,2023-10-02,2023-10-09,2024-10-08,
POL0000066,VIDA_DEUDORES,VIDA_DEUDORES,2023-10-15,2023-10-17,2026-10-16,
POL0000067,HOGAR,HOGAR,2023-02-01,2023-02-08,2024-02-07,
POL0000068,AUTOS,AUTOS_PESADOS,2024-03-03,2024-03-14,2025-03-13,
POL0000069,SOAT,SOAT,2023-01-14,2023-01-20,2024-01-19,
POL0000070,AUTOS,AUTOS_PESADOS,2024-01-11,2024-01-26,2025-01-25,
POL0000071,HOGAR,HOGAR,2023-12-15,2023-12-19,2024-12-18,
POL0000072,VIDA_DEUDORES,VIDA_DEUDORES,2023-03-29,2023-04-04,2026-04-03,2023-05-04
POL0000073,HOGAR,HOGAR,2024-05-16,2024-05-31,2025-05-30,
POL0000074,HOGAR,HOGAR,2023-01-20,2023-01-24,2024-01-23,
POL0000075,AUTOS,AUTOS_PESADOS,2024-02-01,2024-02-06,2025-02-05,
POL0000076,CUMPLIMIENTO,CUMPL_PRIVADO,2023-04-04,2023-04-11,2026-04-10,
POL0000077,HOGAR,HOGAR,2024-03-10,2024-03-17,2025-03-16,
POL0000078,AUTOS,AUTOS_LIVIANOS,2023-03-22,2023-03-28,2024-03-27,
POL0000079,CUMPLIMIENTO,CUMPL_ESTATAL,2023-12-11,2023-12-11,2024-12-10,
POL0000080,HOGAR,HOGAR,2024-09-13,2024-09-18,2025-09-17,
POL0000081,VIDA_DEUDORES,VIDA_DEUDORES,2023-01-10,2023-01-10,2026-01-09,2023-02-09
POL0000082,AUTOS,AUTOS_LIVIANOS,2023-10-30,2023-11-01,2024-10-31,
POL0000083,SOAT,SOAT,2024-12-22,2024-12-29,2025-12-28,
POL0000084,HOGAR,HOGAR,2023-12-01,2023-12-03,2024-12-02,
POL0000085,HOGAR,HOGAR,2024-10-24,2024-11-04,2025-11-03,2024-12-04
POL0000086,VIDA_DEUDORES,VIDA_DEUDORES,2024-12-24,2024-12-29,2027-12-28,
POL0000087,HOGAR,HOGAR,2024-07-23,2024-07-26,2025-07-25,
POL0000088,VIDA_DEUDORES,VIDA_DEUDORES,2023-03-13,2023-03-26,2028-03-25,2023-04-25
POL0000089,AUTOS,AUTOS_LIVIANOS,2023-06-19,2023-06-20,2024-06-19,
POL0000090,VIDA_DEUDORES,VIDA_DEUDORES,2023-11-25,2023-12-10,2028-12-09,
POL0000091,HOGAR,HOGAR,2024-07-03,2024-07-14,2025-07-13,
POL0000092,SOAT,SOAT,2024-10-02,2024-10-12,2025-10-11,2024-11-11
POL0000093,AUTOS,AUTOS_LIVIANOS,2024-04-18,2024-04-29,2025-04-28,
POL0000094,CUMPLIMIENTO,CUMPL_PRIVADO,2024-11-16,2024-11-20,2026-11-19,
POL0000095,AUTOS,AUTOS_PESADOS,2023-05-06,2023-05-16,2024-05-15,
POL0000096,VIDA_DEUDORES,VIDA_DEUDORES,2023-08-30,2023-09-06,2027-09-05,
POL0000097,VIDA_DEUDORES,VIDA_DEUDORES,2024-01-25,2024-01-30,2028-01-29,
POL0000098,AUTOS,AUTOS_LIVIANOS,2023-08-20,2023-08-24,2024-08-23,
POL0000099,VIDA_DEUDORES,VIDA_DEUDORES,2024-06-24,2024-07-08,2027-07-07,2024-08-07
POL0000100,CUMPLIMIENTO,CUMPL_PRIVADO,2023-02-07,2023-02-07,2025-02-06,
POL0000101,VIDA_DEUDORES,VIDA_DEUDORES,2023-03-27,2023-04-05,2028-04-04,
POL0000102,CUMPLIMIENTO,CUMPL_PRIVADO,2023-04-18,2023-04-30,2025-04-29,2023-05-30
POL0000103,VIDA_DEUDORES,VIDA_DEUDORES,2024-01-19,2024-02-03,2028-02-02,2024-03-04
POL0000104,SOAT,SOAT,2024-10-02,2024-10-17,2025-10-16,
POL0000105,CUMPLIMIENTO,CUMPL_PRIVADO,2023-10-03,2023-10-07,2026-10-06,2023-11-06
POL0000106,VIDA_DEUDORES,VIDA_DEUDORES,2024-09-04,2024-09-04,2027-09-03,2024-10-04
POL0000107,CUMPLIMIENTO,CUMPL_ESTATAL,2023-12-17,2023-12-27,2024-12-26,
POL0000108,CUMPLIMIENTO,CUMPL_PRIVADO,2024-06-11,2024-06-25,2027-06-24,
POL0000109,HOGAR,HOGAR,2023-10-11,2023-10-17,2024-10-16,
POL0000110,HOGAR,HOGAR,2023-09-23,2023-10-04,2024-10-03,
POL0000111,AUTOS,AUTOS_LIVIANOS,2023-03-27,2023-04-07,2024-04-06,
POL0000112,VIDA_DEUDORES,VIDA_DEUDORES,2024-03-03,2024-03-03,2028-03-02,
POL0000113,VIDA_DEUDORES,VIDA_DEUDORES,2023-09-22,2023-09-30,2027-09-29,
POL0000114,VIDA_DEUDORES,VIDA_DEUDORES,2023-02-18,2023-03-01,2028-02-29,
POL0000115,HOGAR,HOGAR,2024-11-28,2024-12-08,2025-12-07,2025-01-07
POL0000116,CUMPLIMIENTO,CUMPL_PRIVADO,2023-04-02,2023-04-03,2026-04-02,
POL0000117,AUTOS,AUTOS_PESADOS,2023-07-11,2023-07-21,2024-07-20,
POL0000118,CUMPLIMIENTO,CUMPL_PRIVADO,2024-10-10,2024-10-22,2025-10-21,
POL0000119,VIDA_DEUDORES,VIDA_DEUDORES,2024-09-08,2024-09-19,2028-09-18,
POL0000120,CUMPLIMIENTO,CUMPL_ESTATAL,2024-10-03,2024-10-17,2025-10-16,
POL0000121,SOAT,SOAT,2024-12-25,2024-12-26,2025-12-25,
POL0000122,HOGAR,HOGAR,2024-03-01,2024-03-14,2025-03-13,
POL0000123,VIDA_DEUDORES,VIDA_DEUDORES,2024-01-25,2024-02-06,2028-02-05,2024-03-07
POL0000124,HOGAR,HOGAR,2024-03-10,2024-03-19,2025-03-18,2024-04-18
POL0000125,CUMPLIMIENTO,CUMPL_ESTATAL,2023-11-22,2023-12-07,2026-12-06,
POL0000126,SOAT,SOAT,2023-12-24,2024-01-01,2024-12-31,
POL0000127,HOGAR,HOGAR,2024-08-02,2024-08-05,2025-08-04,
POL0000128,VIDA_DEUDORES,VIDA_DEUDORES,2023-10-16,2023-10-31,2028-10-30,
POL0000129,SOAT,SOAT,2023-12-11,2023-12-21,2024-12-20,
POL0000130,SOAT,SOAT,2024-12-12,2024-12-22,2025-12-21,
POL0000131,CUMPLIMIENTO,CUMPL_ESTATAL,2023-03-22,2023-03-30,2026-03-29,2023-04-29
POL0000132,AUTOS,AUTOS_LIVIANOS,2023-11-18,2023-12-03,2024-12-02,
POL0000133,HOGAR,HOGAR,2024-10-11,2024-10-17,2025-10-16,
POL0000134,HOGAR,HOGAR,2024-04-22,2024-04-23,2025-04-22,
POL0000135,VIDA_DEUDORES,VIDA_DEUDORES,2024-08-12,2024-08-22,2029-08-21,
POL0000136,VIDA_DEUDORES,VIDA_DEUDORES,2023-04-20,2023-04-30,2028-04-29,
POL0000137,CUMPLIMIENTO,CUMPL_PRIVADO,2024-04-28,2024-04-30,2027-04-29,2024-05-30
POL0000138,CUMPLIMIENTO,CUMPL_ESTATAL,2023-05-31,2023-06-10,2025-06-09,2023-07-10
POL0000139,AUTOS,AUTOS_PESADOS,2024-12-23,2024-12-28,2025-12-27,2025-01-27
POL0000140,VIDA_DEUDORES,VIDA_DEUDORES,2024-08-24,2024-09-01,2027-08-31,
POL0000141,CUMPLIMIENTO,CUMPL_ESTATAL,2023-08-02,2023-08-05,2024-08-04,
POL0000142,VIDA_DEUDORES,VIDA_DEUDORES,2024-04-22,2024-04-29,2027-04-28,
POL0000143,AUTOS,AUTOS_PESADOS,2023-07-03,2023-07-14,2024-07-13,
POL0000144,HOGAR,HOGAR,2023-12-08,2023-12-20,2024-12-19,
POL0000145,CUMPLIMIENTO,CUMPL_ESTATAL,2023-01-14,2023-01-27,2024-01-26,
POL0000146,CUMPLIMIENTO,CUMPL_PRIVADO,2023-12-10,2023-12-25,2025-12-24,2024-01-24
POL0000147,CUMPLIMIENTO,CUMPL_PRIVADO,2024-10-28,2024-11-06,2027-11-05,
POL0000148,CUMPLIMIENTO,CUMPL_PRIVADO,2024-04-30,2024-05-04,2026-05-03,2024-06-03
POL0000149,CUMPLIMIENTO,CUMPL_ESTATAL,2023-11-30,2023-12-07,2026-12-06,2024-01-06
POL0000150,HOGAR,HOGAR,2023-10-27,2023-10-31,2024-10-30,2023-11-30
POL0000151,SOAT,SOAT,2024-09-24,2024-10-07,2025-10-06,
POL0000152,VIDA_DEUDORES,VIDA_DEUDORES,2023-11-02,2023-11-05,2026-11-04,
POL0000153,CUMPLIMIENTO,CUMPL_PRIVADO,2023-11-18,2023-11-22,2026-11-21,
POL0000154,SOAT,SOAT,2024-03-20,2024-03-25,2025-03-24,
POL0000155,SOAT,SOAT,2024-11-14,2024-11-19,2025-11-18,
POL0000156,HOGAR,HOGAR,2023-12-06,2023-12-18,2024-12-17,
POL0000157,CUMPLIMIENTO,CUMPL_ESTATAL,2023-06-09,2023-06-11,2024-06-10,
POL0000158,AUTOS,AUTOS_PESADOS,2024-11-26,2024-12-04,2025-12-03,
POL0000159,SOAT,SOAT,2023-08-05,2023-08-09,2024-08-08,
POL0000160,HOGAR,HOGAR,2023-03-23,2023-03-30,2024-03-29,2023-04-29
POL0000161,VIDA_DEUDORES,VIDA_DEUDORES,2022-12-30,2023-01-07,2026-01-06,
POL0000162,HOGAR,HOGAR,2023-05-26,2023-06-05,2024-06-04,
POL0000163,VIDA_DEUDORES,VIDA_DEUDORES,2023-09-16,2023-09-16,2027-09-15,
POL0000164,HOGAR,HOGAR,2023-06-26,2023-07-11,2024-07-10,
POL0000165,CUMPLIMIENTO,CUMPL_PRIVADO,2023-11-01,2023-11-14,2026-11-13,
POL0000166,HOGAR,HOGAR,2024-09-03,2024-09-06,2025-09-05,2024-10-06
POL0000167,VIDA_DEUDORES,VIDA_DEUDORES,2023-09-29,2023-10-03,2028-10-02,2023-11-02
POL0000168,CUMPLIMIENTO,CUMPL_PRIVADO,2023-07-04,2023-07-17,2024-07-16,
POL0000169,VIDA_DEUDORES,VIDA_DEUDORES,2023-12-22,2023-12-28,2026-12-27,
POL0000170,HOGAR,HOGAR,2023-03-16,2023-03-24,2024-03-23,
POL0000171,CUMPLIMIENTO,CUMPL_ESTATAL,2024-09-11,2024-09-11,2026-09-10,2024-10-11
POL0000172,HOGAR,HOGAR,2024-05-10,2024-05-12,2025-05-11,2024-06-11
POL0000173,HOGAR,HOGAR,2023-03-13,2023-03-17,2024-03-16,
POL0000174,SOAT,SOAT,2024-11-13,2024-11-14,2025-11-13,
POL0000175,HOGAR,HOGAR,2023-09-20,2023-09-28,2024-09-27,
POL0000176,CUMPLIMIENTO,CUMPL_PRIVADO,2023-11-09,2023-11-19,2024-11-18,
POL0000177,HOGAR,HOGAR,2024-05-05,2024-05-10,2025-05-09,
POL0000178,AUTOS,AUTOS_LIVIANOS,2023-06-01,2023-06-09,2024-06-08,
POL0000179,HOGAR,HOGAR,2023-02-19,2023-02-20,2024-02-19,2023-03-22
POL0000180,SOAT,SOAT,2024-11-26,2024-12-06,2025-12-05,
POL0000181,VIDA_DEUDORES,VIDA_DEUDORES,2022-12-26,2023-01-06,2026-01-05,
POL0000182,CUMPLIMIENTO,CUMPL_ESTATAL,2023-11-15,2023-11-18,2026-11-17,
POL0000183,SOAT,SOAT,2024-08-22,2024-08-31,2025-08-30,2024-09-30
POL0000184,SOAT,SOAT,2023-10-14,2023-10-29,2024-10-28,
POL0000185,HOGAR,HOGAR,2023-08-13,2023-08-28,2024-08-27,
POL0000186,HOGAR,HOGAR,2023-07-06,2023-07-21,2024-07-20,
POL0000187,AUTOS,AUTOS_PESADOS,2023-03-26,2023-04-05,2024-04-04,
POL0000188,VIDA_DEUDORES,VIDA_DEUDORES,2024-05-05,2024-05-11,2027-05-10,
POL0000189,HOGAR,HOGAR,2024-11-02,2024-11-09,2025-11-08,
POL0000190,HOGAR,HOGAR,2023-09-01,2023-09-14,2024-09-13,
POL0000191,CUMPLIMIENTO,CUMPL_PRIVADO,2024-08-06,2024-08-07,2025-08-06,
POL0000192,VIDA_DEUDORES,VIDA_DEUDORES,2024-04-30,2024-05-11,2028-05-10,
POL0000193,CUMPLIMIENTO,CUMPL_PRIVADO,2024-07-16,2024-07-19,2025-07-18,
POL0000194,HOGAR,HOGAR,2024-10-20,2024-10-21,2025-10-20,2024-11-20
POL0000195,AUTOS,AUTOS_PESADOS,2023-01-10,2023-01-21,2024-01-20,
POL0000196,SOAT,SOAT,2024-03-15,2024-03-23,2025-03-22,
POL0000197,VIDA_DEUDORES,VIDA_DEUDORES,2024-08-02,2024-08-02,2028-08-01,
POL0000198,SOAT,SOAT,2023-01-15,2023-01-19,2024-01-18,
POL0000199,SOAT,SOAT,2024-04-10,2024-04-13,2025-04-12,
POL0000200,CUMPLIMIENTO,CUMPL_PRIVADO,2023-08-22,2023-09-02,2024-09-01,
POL0000201,CUMPLIMIENTO,CUMPL_ESTATAL,2024-11-23,2024-11-25,2027-11-24,
POL0000202,VIDA_DEUDORES,VIDA_DEUDORES,2024-06-12,2024-06-16,2028-06-15,
POL0000203,VIDA_DEUDORES,VIDA_DEUDORES,2023-08-05,2023-08-05,2028-08-04,
POL0000204,HOGAR,HOGAR,2023-09-20,2023-09-22,2024-09-21,
POL0000205,SOAT,SOAT,2023-04-17,2023-04-26,2024-04-25,
POL0000206,CUMPLIMIENTO,CUMPL_ESTATAL,2024-04-09,2024-04-14,2027-04-13,
POL0000207,HOGAR,HOGAR,2024-10-09,2024-10-20,2025-10-19,2024-11-19
POL0000208,CUMPLIMIENTO,CUMPL_PRIVADO,2024-12-19,2024-12-22,2026-12-21,
POL0000209,HOGAR,HOGAR,2024-09-16,2024-09-26,2025-09-25,2024-10-26
POL0000210,HOGAR,HOGAR,2023-04-08,2023-04-21,2024-04-20,
POL0000211,HOGAR,HOGAR,2024-05-30,2024-05-30,2025-05-29,2024-06-29
POL0000212,SOAT,SOAT,2023-08-24,2023-08-24,2024-08-23,
POL0000213,CUMPLIMIENTO,CUMPL_ESTATAL,2023-01-28,2023-02-06,2026-02-05,
POL0000214,AUTOS,AUTOS_PESADOS,2024-05-16,2024-05-29,2025-05-28,
POL0000215,SOAT,SOAT,2024-04-21,2024-04-25,2025-04-24,
POL0000216,SOAT,SOAT,2023-04-04,2023-04-05,2024-04-04,
POL0000217,VIDA_DEUDORES,VIDA_DEUDORES,2023-09-18,2023-09-20,2028-09-19,
POL0000218,HOGAR,HOGAR,2023-06-30,2023-07-07,2024-07-06,
POL0000219,CUMPLIMIENTO,CUMPL_PRIVADO,2024-07-27,2024-08-05,2027-08-04,
POL0000220,CUMPLIMIENTO,CUMPL_ESTATAL,2024-09-24,2024-09-28,2027-09-27,
POL0000221,HOGAR,HOGAR,2024-04-02,2024-04-10,2025-04-09,
POL0000222,VIDA_DEUDORES,VIDA_DEUDORES,2023-08-20,2023-08-22,2026-08-21,
POL0000223,VIDA_DEUDORES,VIDA_DEUDORES,2023-11-24,2023-12-08,2028-12-07,
POL0000224,SOAT,SOAT,2023-11-11,2023-11-22,2024-11-21,
POL0000225,CUMPLIMIENTO,CUMPL_ESTATAL,2023-06-22,2023-07-06,2026-07-05,
POL0000226,SOAT,SOAT,2023-04-03,2023-04-17,2024-04-16,2023-05-17
POL0000227,VIDA_DEUDORES,VIDA_DEUDORES,2024-01-05,2024-01-06,2027-01-05,
POL0000228,VIDA_DEUDORES,VIDA_DEUDORES,2024-10-19,2024-10-22,2028-10-21,
POL0000229,SOAT,SOAT,2023-11-30,2023-12-14,2024-12-13,
POL0000230,HOGAR,HOGAR,2023-01-10,2023-01-15,2024-01-14,
POL0000231,SOAT,SOAT,2023-12-02,2023-12-15,2024-12-14,
POL0000232,VIDA_DEUDORES,VIDA_DEUDORES,2023-08-17,2023-08-18,2026-08-17,
POL0000233,CUMPLIMIENTO,CUMPL_ESTATAL,2024-10-27,2024-11-11,2025-11-10,
POL0000234,HOGAR,HOGAR,2023-12-05,2023-12-05,2024-12-04,
POL0000235,SOAT,SOAT,2023-08-09,2023-08-17,2024-08-16,
POL0000236,HOGAR,HOGAR,2024-12-15,2024-12-22,2025-12-21,
POL0000237,AUTOS,AUTOS_PESADOS,2023-05-21,2023-05-23,2024-05-22,
POL0000238,HOGAR,HOGAR,2023-09-01,2023-09-16,2024-09-15,
POL0000239,SOAT,SOAT,2024-02-12,2024-02-18,2025-02-17,
POL0000240,HOGAR,HOGAR,2024-08-09,2024-08-23,2025-08-22,2024-09-22
POL0000241,CUMPLIMIENTO,CUMPL_ESTATAL,2023-06-18,2023-06-20,2024-06-19,
POL0000242,CUMPLIMIENTO,CUMPL_ESTATAL,2023-09-12,2023-09-20,2024-09-19,
POL0000243,VIDA_DEUDORES,VIDA_DEUDORES,2024-04-14,2024-04-19,2027-04-18,
POL0000244,SOAT,SOAT,2023-10-06,2023-10-08,2024-10-07,
POL0000245,SOAT,SOAT,2024-10-08,2024-10-09,2025-10-08,2024-11-08
POL0000246,CUMPLIMIENTO,CUMPL_ESTATAL,2024-11-29,2024-12-09,2026-12-08,2025-01-08
POL0000247,HOGAR,HOGAR,2024-12-20,2024-12-27,2025-12-26,
POL0000248,VIDA_DEUDORES,VIDA_DEUDORES,2024-11-03,2024-11-15,2028-11-14,
POL0000249,CUMPLIMIENTO,CUMPL_ESTATAL,2024-08-06,2024-08-17,2025-08-16,2024-09-16
POL0000250,HOGAR,HOGAR,2023-07-15,2023-07-26,2024-07-25,
POL0000251,CUMPLIMIENTO,CUMPL_ESTATAL,2023-08-11,2023-08-24,2024-08-23,
POL0000252,HOGAR,HOGAR,2023-08-03,2023-08-16,2024-08-15,
POL0000253,AUTOS,AUTOS_PESADOS,2024-04-27,2024-04-30,2025-04-29,
POL0000254,AUTOS,AUTOS_PESADOS,2024-07-09,2024-07-13,2025-07-12,
POL0000255,VIDA_DEUDORES,VIDA_DEUDORES,2024-01-06,2024-01-10,2028-01-09,
POL0000256,HOGAR,HOGAR,2023-04-03,2023-04-18,2024-04-17,2023-05-18
POL0000257,VIDA_DEUDORES,VIDA_DEUDORES,2024-03-23,2024-04-01,2028-03-31,
POL0000258,AUTOS,AUTOS_PESADOS,2024-10-18,2024-10-24,2025-10-23,
POL0000259,CUMPLIMIENTO,CUMPL_ESTATAL,2024-03-16,2024-03-24,2027-03-23,
POL0000260,AUTOS,AUTOS_LIVIANOS,2023-05-08,2023-05-15,2024-05-14,
POL0000261,AUTOS,AUTOS_PESADOS,2023-04-18,2023-05-03,2024-05-02,
POL0000262,AUTOS,AUTOS_PESADOS,2023-10-22,2023-10-31,2024-10-30,
POL0000263,VIDA_DEUDORES,VIDA_DEUDORES,2024-02-25,2024-03-08,2027-03-07,
POL0000264,HOGAR,HOGAR,2023-10-24,2023-10-30,2024-10-29,
POL0000265,HOGAR,HOGAR,2024-05-23,2024-05-23,2025-05-22,
POL0000266,SOAT,SOAT,2024-12-26,2024-12-29,2025-12-28,
POL0000267,VIDA_DEUDORES,VIDA_DEUDORES,2023-01-31,2023-02-02,2026-02-01,
POL0000268,CUMPLIMIENTO,CUMPL_ESTATAL,2023-09-20,2023-10-02,2025-10-01,
POL0000269,CUMPLIMIENTO,CUMPL_PRIVADO,2024-08-01,2024-08-11,2027-08-10,
POL0000270,SOAT,SOAT,2023-11-12,2023-11-18,2024-11-17,
POL0000271,AUTOS,AUTOS_PESADOS,2024-03-14,2024-03-29,2025-03-28,
POL0000272,AUTOS,AUTOS_LIVIANOS,2023-11-13,2023-11-28,2024-11-27,2023-12-28
POL0000273,VIDA_DEUDORES,VIDA_DEUDORES,2023-06-19,2023-06-22,2027-06-21,2023-07-22
POL0000274,AUTOS,AUTOS_PESADOS,2023-12-27,2024-01-09,2025-01-08,
POL0000275,SOAT,SOAT,2024-06-24,2024-06-26,2025-06-25,2024-07-26
POL0000276,VIDA_DEUDORES,VIDA_DEUDORES,2023-06-23,2023-07-08,2027-07-07,2023-08-07
POL0000277,VIDA_DEUDORES,VIDA_DEUDORES,2024-05-24,2024-05-28,2027-05-27,2024-06-27
POL0000278,CUMPLIMIENTO,CUMPL_PRIVADO,2023-02-10,2023-02-25,2025-02-24,
POL0000279,HOGAR,HOGAR,2024-01-07,2024-01-16,2025-01-15,
POL0000280,AUTOS,AUTOS_PESADOS,2023-01-20,2023-02-04,2024-02-03,
POL0000281,VIDA_DEUDORES,VIDA_DEUDORES,2023-07-15,2023-07-19,2028-07-18,2023-08-18
POL0000282,CUMPLIMIENTO,CUMPL_ESTATAL,2024-08-30,2024-09-12,2026-09-11,
POL0000283,HOGAR,HOGAR,2023-07-10,2023-07-13,2024-07-12,
POL0000284,AUTOS,AUTOS_LIVIANOS,2023-03-04,2023-03-12,2024-03-11,
POL0000285,VIDA_DEUDORES,VIDA_DEUDORES,2024-01-19,2024-01-30,2027-01-29,2024-02-29
POL0000286,HOGAR,HOGAR,2024-01-25,2024-01-25,2025-01-24,
POL0000287,VIDA_DEUDORES,VIDA_DEUDORES,2023-04-26,2023-04-27,2027-04-26,
POL0000288,AUTOS,AUTOS_PESADOS,2023-09-16,2023-09-21,2024-09-20,2023-10-21
POL0000289,HOGAR,HOGAR,2024-12-27,2024-12-29,2025-12-28,2025-01-28
POL0000290,VIDA_DEUDORES,VIDA_DEUDORES,2024-05-27,2024-06-10,2027-06-09,
POL0000291,AUTOS,AUTOS_PESADOS,2024-04-21,2024-04-22,2025-04-21,
POL0000292,VIDA_DEUDORES,VIDA_DEUDORES,2023-09-12,2023-09-24,2027-09-23,
POL0000293,AUTOS,AUTOS_PESADOS,2024-03-06,2024-03-13,2025-03-12,
POL0000294,VIDA_DEUDORES,VIDA_DEUDORES,2024-10-14,2024-10-16,2029-10-15,
POL0000295,CUMPLIMIENTO,CUMPL_ESTATAL,2024-08-10,2024-08-14,2026-08-13,2024-09-13
POL0000296,SOAT,SOAT,2024-05-27,2024-06-03,2025-06-02,
POL0000297,HOGAR,HOGAR,2023-04-09,2023-04-09,2024-04-08,
POL0000298,VIDA_DEUDORES,VIDA_DEUDORES,2023-12-16,2023-12-30,2026-12-29,
POL0000299,SOAT,SOAT,2023-01-12,2023-01-14,2024-01-13,
POL0000300,VIDA_DEUDORES,VIDA_DEUDORES,2023-09-18,2023-09-21,2026-09-20,2023-10-21
POL0000301,CUMPLIMIENTO,CUMPL_ESTATAL,2023-12-06,2023-12-09,2024-12-08,
POL0000302,CUMPLIMIENTO,CUMPL_ESTATAL,2023-01-13,2023-01-18,2024-01-17,
POL0000303,AUTOS,AUTOS_PESADOS,2024-07-11,2024-07-17,2025-07-16,
POL0000304,VIDA_DEUDORES,VIDA_DEUDORES,2023-02-18,2023-03-02,2027-03-01,
POL0000305,AUTOS,AUTOS_PESADOS,2024-08-03,2024-08-18,2025-08-17,
POL0000306,SOAT,SOAT,2024-02-23,2024-03-02,2025-03-01,2024-04-01
POL0000307,VIDA_DEUDORES,VIDA_DEUDORES,2024-08-02,2024-08-07,2029-08-06,
POL0000308,HOGAR,HOGAR,2024-07-09,2024-07-20,2025-07-19,
POL0000309,HOGAR,HOGAR,2024-08-22,2024-08-23,2025-08-22,2024-09-22
POL0000310,CUMPLIMIENTO,CUMPL_PRIVADO,2024-05-05,2024-05-13,2027-05-12,
POL0000311,VIDA_DEUDORES,VIDA_DEUDORES,2023-10-27,2023-10-27,2026-10-26,
POL0000312,SOAT,SOAT,2023-03-30,2023-03-31,2024-03-30,
POL0000313,CUMPLIMIENTO,CUMPL_ESTATAL,2023-03-24,2023-03-30,2026-03-29,2023-04-29
POL0000314,HOGAR,HOGAR,2023-12-24,2024-01-03,2025-01-02,
POL0000315,VIDA_DEUDORES,VIDA_DEUDORES,2024-08-20,2024-08-23,2028-08-22,
POL0000316,CUMPLIMIENTO,CUMPL_ESTATAL,2024-08-10,2024-08-19,2025-08-18,
POL0000317,SOAT,SOAT,2023-12-11,2023-12-21,2024-12-20,
POL0000318,VIDA_DEUDORES,VIDA_DEUDORES,2024-05-28,2024-06-08,2027-06-07,2024-07-08
POL0000319,VIDA_DEUDORES,VIDA_DEUDORES,2023-10-31,2023-11-14,2028-11-13,
POL0000320,HOGAR,HOGAR,2023-08-12,2023-08-27,2024-08-26,
POL0000321,CUMPLIMIENTO,CUMPL_PRIVADO,2023-09-29,2023-10-13,2025-10-12,
POL0000322,HOGAR,HOGAR,2023-12-24,2024-01-05,2025-01-04,
POL0000323,HOGAR,HOGAR,2024-11-01,2024-11-03,2025-11-02,
POL0000324,SOAT,SOAT,2023-03-23,2023-03-24,2024-03-23,
POL0000325,VIDA_DEUDORES,VIDA_DEUDORES,2023-06-16,2023-06-18,2026-06-17,
POL0000326,AUTOS,AUTOS_PESADOS,2024-11-03,2024-11-17,2025-11-16,
POL0000327,CUMPLIMIENTO,CUMPL_PRIVADO,2023-05-21,2023-06-05,2026-06-04,
POL0000328,SOAT,SOAT,2023-03-12,2023-03-18,2024-03-17,2023-04-17
POL0000329,VIDA_DEUDORES,VIDA_DEUDORES,2024-12-06,2024-12-17,2028-12-16,
POL0000330,HOGAR,HOGAR,2023-08-08,2023-08-14,2024-08-13,
POL0000331,HOGAR,HOGAR,2023-11-24,2023-12-02,2024-12-01,
POL0000332,AUTOS,AUTOS_LIVIANOS,2024-05-31,2024-06-06,2025-06-05,
POL0000333,HOGAR,HOGAR,2023-06-19,2023-06-22,2024-06-21,
POL0000334,SOAT,SOAT,2024-07-31,2024-08-02,2025-08-01,
POL0000335,VIDA_DEUDORES,VIDA_DEUDORES,2023-11-04,2023-11-10,2026-11-09,
POL0000336,SOAT,SOAT,2023-07-20,2023-08-03,2024-08-02,
POL0000337,AUTOS,AUTOS_PESADOS,2023-01-02,2023-01-15,2024-01-14,2023-02-14
POL0000338,VIDA_DEUDORES,VIDA_DEUDORES,2024-03-09,2024-03-22,2027-03-21,
POL0000339,VIDA_DEUDORES,VIDA_DEUDORES,2023-06-17,2023-06-24,2027-06-23,
POL0000340,HOGAR,HOGAR,2023-02-10,2023-02-17,2024-02-16,2023-03-19
POL0000341,HOGAR,HOGAR,2023-10-14,2023-10-15,2024-10-14,2023-11-14
POL0000342,VIDA_DEUDORES,VIDA_DEUDORES,2023-08-29,2023-09-11,2027-09-10,
POL0000343,VIDA_DEUDORES,VIDA_DEUDORES,2024-01-21,2024-01-23,2028-01-22,2024-02-22
POL0000344,SOAT,SOAT,2023-05-30,2023-05-30,2024-05-29,
POL0000345,CUMPLIMIENTO,CUMPL_PRIVADO,2023-06-28,2023-07-09,2025-07-08,2023-08-08
POL0000346,CUMPLIMIENTO,CUMPL_PRIVADO,2024-08-08,2024-08-18,2027-08-17,2024-09-17
POL0000347,SOAT,SOAT,2024-09-03,2024-09-13,2025-09-12,
POL0000348,AUTOS,AUTOS_LIVIANOS,2024-10-31,2024-11-06,2025-11-05,
POL0000349,CUMPLIMIENTO,CUMPL_ESTATAL,2023-07-18,2023-07-24,2025-07-23,
POL0000350,VIDA_DEUDORES,VIDA_DEUDORES,2023-08-12,2023-08-14,2028-08-13,
POL0000351,AUTOS,AUTOS_PESADOS,2023-06-23,2023-07-06,2024-07-05,
POL0000352,VIDA_DEUDORES,VIDA_DEUDORES,2023-02-03,2023-02-05,2026-02-04,
POL0000353,AUTOS,AUTOS_PESADOS,2023-10-26,2023-11-01,2024-10-31,2023-12-01
POL0000354,AUTOS,AUTOS_PESADOS,2023-01-24,2023-01-24,2024-01-23,
POL0000355,HOGAR,HOGAR,2023-02-17,2023-03-04,2024-03-03,
POL0000356,VIDA_DEUDORES,VIDA_DEUDORES,2023-12-05,2023-12-13,2026-12-12,
POL0000357,CUMPLIMIENTO,CUMPL_PRIVADO,2024-07-13,2024-07-15,2025-07-14,2024-08-14
POL0000358,CUMPLIMIENTO,CUMPL_ESTATAL,2023-08-01,2023-08-07,2024-08-06,
POL0000359,CUMPLIMIENTO,CUMPL_PRIVADO,2023-06-13,2023-06-25,2024-06-24,2023-07-25
POL0000360,SOAT,SOAT,2023-01-11,2023-01-26,2024-01-25,
POL0000361,CUMPLIMIENTO,CUMPL_ESTATAL,2024-10-18,2024-10-31,2026-10-30,
POL0000362,CUMPLIMIENTO,CUMPL_PRIVADO,2024-08-22,2024-08-30,2026-08-29,2024-09-29
POL0000363,HOGAR,HOGAR,2024-10-12,2024-10-20,2025-10-19,
POL0000364,HOGAR,HOGAR,2024-01-05,2024-01-20,2025-01-19,2024-02-19
POL0000365,HOGAR,HOGAR,2024-08-16,2024-08-16,2025-08-15,
POL0000366,CUMPLIMIENTO,CUMPL_PRIVADO,2023-07-05,2023-07-05,2024-07-04,
POL0000367,HOGAR,HOGAR,2024-04-12,2024-04-16,2025-04-15,
POL0000368,AUTOS,AUTOS_LIVIANOS,2023-07-05,2023-07-07,2024-07-06,
POL0000369,SOAT,SOAT,2023-01-21,2023-01-30,2024-01-29,
POL0000370,VIDA_DEUDORES,VIDA_DEUDORES,2023-07-30,2023-08-03,2027-08-02,
POL0000371,AUTOS,AUTOS_PESADOS,2024-07-02,2024-07-02,2025-07-01,
POL0000372,AUTOS,AUTOS_PESADOS,2023-03-24,2023-04-04,2024-04-03,
POL0000373,SOAT,SOAT,2024-03-23,2024-03-24,2025-03-23,
POL0000374,AUTOS,AUTOS_LIVIANOS,2022-12-31,2023-01-03,2024-01-02,
POL0000375,CUMPLIMIENTO,CUMPL_ESTATAL,2024-08-21,2024-08-22,2025-08-21,
POL0000376,CUMPLIMIENTO,CUMPL_ESTATAL,2023-08-10,2023-08-10,2024-08-09,
POL0000377,AUTOS,AUTOS_LIVIANOS,2024-10-02,2024-10-12,2025-10-11,
POL0000378,CUMPLIMIENTO,CUMPL_ESTATAL,2023-07-04,2023-07-17,2025-07-16,
POL0000379,SOAT,SOAT,2024-10-23,2024-10-31,2025-10-30,
POL0000380,AUTOS,AUTOS_LIVIANOS,2023-05-18,2023-05-30,2024-05-29,
POL0000381,CUMPLIMIENTO,CUMPL_PRIVADO,2024-04-15,2024-04-30,2027-04-29,
POL0000382,CUMPLIMIENTO,CUMPL_ESTATAL,2023-08-26,2023-09-04,2025-09-03,2023-10-04
POL0000383,AUTOS,AUTOS_LIVIANOS,2023-04-20,2023-05-03,2024-05-02,
POL0000384,SOAT,SOAT,2024-12-10,2024-12-21,2025-12-20,
POL0000385,VIDA_DEUDORES,VIDA_DEUDORES,2024-11-28,2024-12-05,2028-12-04,
POL0000386,VIDA_DEUDORES,VIDA_DEUDORES,2024-01-02,2024-01-04,2028-01-03,
POL0000387,CUMPLIMIENTO,CUMPL_PRIVADO,2023-02-15,2023-02-26,2025-02-25,2023-03-28
POL0000388,AUTOS,AUTOS_PESADOS,2024-06-03,2024-06-11,2025-06-10,
POL0000389,CUMPLIMIENTO,CUMPL_PRIVADO,2023-07-07,2023-07-08,2025-07-07,
POL0000390,AUTOS,AUTOS_LIVIANOS,2023-05-30,2023-06-09,2024-06-08,
POL0000391,HOGAR,HOGAR,2023-03-20,2023-03-20,2024-03-19,2023-04-19
POL0000392,HOGAR,HOGAR,2024-02-23,2024-03-09,2025-03-08,
POL0000393,VIDA_DEUDORES,VIDA_DEUDORES,2024-06-09,2024-06-19,2029-06-18,
POL0000394,CUMPLIMIENTO,CUMPL_ESTATAL,2023-11-23,2023-12-06,2024-12-05,
POL0000395,CUMPLIMIENTO,CUMPL_PRIVADO,2023-11-09,2023-11-21,2026-11-20,
POL0000396,CUMPLIMIENTO,CUMPL_PRIVADO,2023-04-27,2023-05-01,2024-04-30,2023-05-31
POL0000397,VIDA_DEUDORES,VIDA_DEUDORES,2024-09-09,2024-09-10,2027-09-09,
POL0000398,SOAT,SOAT,2023-12-05,2023-12-09,2024-12-08,
POL0000399,AUTOS,AUTOS_LIVIANOS,2023-07-23,2023-08-03,2024-08-02,
POL0000400,HOGAR,HOGAR,2023-06-19,2023-06-23,2024-06-22,
POL0000401,CUMPLIMIENTO,CUMPL_ESTATAL,2023-09-23,2023-09-26,2025-09-25,
POL0000402,VIDA_DEUDORES,VIDA_DEUDORES,2023-11-26,2023-12-08,2027-12-07,
POL0000403,SOAT,SOAT,2023-03-01,2023-03-08,2024-03-07,
POL0000404,VIDA_DEUDORES,VIDA_DEUDORES,2023-06-16,2023-06-23,2027-06-22,
POL0000405,AUTOS,AUTOS_PESADOS,2023-12-30,2024-01-13,2025-01-12,
POL0000406,AUTOS,AUTOS_PESADOS,2024-11-09,2024-11-21,2025-11-20,
POL0000407,CUMPLIMIENTO,CUMPL_PRIVADO,2024-01-20,2024-01-28,2025-01-27,
POL0000408,AUTOS,AUTOS_PESADOS,2023-06-19,2023-06-20,2024-06-19,
POL0000409,CUMPLIMIENTO,CUMPL_PRIVADO,2024-08-22,2024-08-30,2025-08-29,2024-09-29
POL0000410,SOAT,SOAT,2024-01-05,2024-01-12,2025-01-11,2024-02-11
POL0000411,AUTOS,AUTOS_PESADOS,2023-08-21,2023-09-02,2024-09-01,
POL0000412,VIDA_DEUDORES,VIDA_DEUDORES,2024-06-17,2024-06-27,2027-06-26,
POL0000413,AUTOS,AUTOS_LIVIANOS,2023-02-05,2023-02-18,2024-02-17,
POL0000414,SOAT,SOAT,2023-03-18,2023-03-30,2024-03-29,
POL0000415,HOGAR,HOGAR,2023-11-05,2023-11-09,2024-11-08,
POL0000416,AUTOS,AUTOS_LIVIANOS,2024-06-28,2024-07-08,2025-07-07,2024-08-07
POL0000417,CUMPLIMIENTO,CUMPL_PRIVADO,2023-06-02,2023-06-15,2026-06-14,
POL0000418,CUMPLIMIENTO,CUMPL_PRIVADO,2023-08-12,2023-08-13,2024-08-12,
POL0000419,HOGAR,HOGAR,2024-03-04,2024-03-19,2025-03-18,2024-04-18
POL0000420,CUMPLIMIENTO,CUMPL_ESTATAL,2023-09-05,2023-09-05,2026-09-04,
POL0000421,AUTOS,AUTOS_LIVIANOS,2024-06-03,2024-06-15,2025-06-14,
POL0000422,VIDA_DEUDORES,VIDA_DEUDORES,2023-04-21,2023-04-21,2026-04-20,
POL0000423,SOAT,SOAT,2023-09-23,2023-10-07,2024-10-06,
POL0000424,SOAT,SOAT,2024-07-30,2024-08-03,2025-08-02,2024-09-02
POL0000425,VIDA_DEUDORES,VIDA_DEUDORES,2024-11-16,2024-11-19,2029-11-18,
POL0000426,SOAT,SOAT,2023-11-07,2023-11-09,2024-11-08,
POL0000427,CUMPLIMIENTO,CUMPL_ESTATAL,2024-04-16,2024-04-19,2025-04-18,
POL0000428,CUMPLIMIENTO,CUMPL_ESTATAL,2024-02-10,2024-02-19,2027-02-18,2024-03-20
POL0000429,CUMPLIMIENTO,CUMPL_ESTATAL,2024-03-09,2024-03-24,2025-03-23,
POL0000430,CUMPLIMIENTO,CUMPL_ESTATAL,2024-09-11,2024-09-22,2025-09-21,
POL0000431,VIDA_DEUDORES,VIDA_DEUDORES,2023-04-09,2023-04-18,2026-04-17,
POL0000432,VIDA_DEUDORES,VIDA_DEUDORES,2024-04-03,2024-04-08,2027-04-07,2024-05-08
POL0000433,SOAT,SOAT,2023-06-22,2023-06-29,2024-06-28,
POL0000434,AUTOS,AUTOS_PESADOS,2024-09-05,2024-09-10,2025-09-09,2024-10-10
POL0000435,VIDA_DEUDORES,VIDA_DEUDORES,2023-03-29,2023-04-05,2028-04-04,
POL0000436,AUTOS,AUTOS_LIVIANOS,2024-08-23,2024-09-03,2025-09-02,
POL0000437,AUTOS,AUTOS_PESADOS,2024-05-24,2024-05-28,2025-05-27,
POL0000438,SOAT,SOAT,2024-01-17,2024-01-29,2025-01-28,
POL0000439,HOGAR,HOGAR,2023-08-25,2023-09-09,2024-09-08,
POL0000440,CUMPLIMIENTO,CUMPL_ESTATAL,2024-06-01,2024-06-11,2025-06-10,
POL0000441,VIDA_DEUDORES,VIDA_DEUDORES,2024-09-05,2024-09-12,2028-09-11,
POL0000442,CUMPLIMIENTO,CUMPL_ESTATAL,2023-08-06,2023-08-07,2024-08-06,
POL0000443,VIDA_DEUDORES,VIDA_DEUDORES,2023-10-11,2023-10-19,2027-10-18,
POL0000444,SOAT,SOAT,2023-04-14,2023-04-28,2024-04-27,
POL0000445,AUTOS,AUTOS_LIVIANOS,2024-04-28,2024-04-29,2025-04-28,
POL0000446,CUMPLIMIENTO,CUMPL_PRIVADO,2024-08-08,2024-08-23,2027-08-22,
POL0000447,SOAT,SOAT,2023-11-19,2023-12-03,2024-12-02,
POL0000448,HOGAR,HOGAR,2024-02-01,2024-02-11,2025-02-10,
POL0000449,HOGAR,HOGAR,2023-04-30,2023-05-08,2024-05-07,
POL0000450,SOAT,SOAT,2024-08-23,2024-09-01,2025-08-31,
POL0000451,SOAT,SOAT,2024-04-30,2024-05-09,2025-05-08,
POL0000452,VIDA_DEUDORES,VIDA_DEUDORES,2023-09-06,2023-09-07,2027-09-06,
POL0000453,HOGAR,HOGAR,2024-07-05,2024-07-10,2025-07-09,
POL0000454,VIDA_DEUDORES,VIDA_DEUDORES,2023-11-09,2023-11-10,2026-11-09,
POL0000455,CUMPLIMIENTO,CUMPL_ESTATAL,2024-06-22,2024-06-22,2025-06-21,2024-07-22
POL0000456,SOAT,SOAT,2024-08-29,2024-09-12,2025-09-11,
POL0000457,VIDA_DEUDORES,VIDA_DEUDORES,2024-10-09,2024-10-14,2028-10-13,
POL0000458,AUTOS,AUTOS_PESADOS,2023-08-09,2023-08-14,2024-08-13,2023-09-13
POL0000459,VIDA_DEUDORES,VIDA_DEUDORES,2023-09-12,2023-09-25,2027-09-24,
POL0000460,AUTOS,AUTOS_LIVIANOS,2024-03-30,2024-04-02,2025-04-01,2024-05-02
POL0000461,VIDA_DEUDORES,VIDA_DEUDORES,2024-05-27,2024-06-11,2029-06-10,2024-07-11
POL0000462,AUTOS,AUTOS_LIVIANOS,2023-08-07,2023-08-20,2024-08-19,
POL0000463,SOAT,SOAT,2024-03-02,2024-03-05,2025-03-04,2024-04-04
POL0000464,CUMPLIMIENTO,CUMPL_PRIVADO,2023-11-15,2023-11-26,2024-11-25,
POL0000465,HOGAR,HOGAR,2023-11-22,2023-11-27,2024-11-26,
POL0000466,HOGAR,HOGAR,2024-07-03,2024-07-03,2025-07-02,2024-08-02
POL0000467,HOGAR,HOGAR,2023-01-17,2023-01-24,2024-01-23,
POL0000468,SOAT,SOAT,2024-12-20,2024-12-24,2025-12-23,
POL0000469,VIDA_DEUDORES,VIDA_DEUDORES,2023-09-10,2023-09-10,2026-09-09,2023-10-10
POL0000470,CUMPLIMIENTO,CUMPL_ESTATAL,2023-07-18,2023-07-20,2024-07-19,2023-08-19
POL0000471,AUTOS,AUTOS_PESADOS,2023-05-04,2023-05-08,2024-05-07,
POL0000472,VIDA_DEUDORES,VIDA_DEUDORES,2023-11-01,2023-11-02,2027-11-01,
POL0000473,CUMPLIMIENTO,CUMPL_PRIVADO,2023-07-09,2023-07-12,2026-07-11,
POL0000474,HOGAR,HOGAR,2024-08-05,2024-08-11,2025-08-10,
POL0000475,SOAT,SOAT,2023-02-21,2023-03-06,2024-03-05,2023-04-05
POL0000476,CUMPLIMIENTO,CUMPL_PRIVADO,2024-06-03,2024-06-03,2026-06-02,2024-07-03
POL0000477,VIDA_DEUDORES,VIDA_DEUDORES,2023-06-13,2023-06-18,2026-06-17,
POL0000478,HOGAR,HOGAR,2024-01-30,2024-02-14,2025-02-13,
POL0000479,VIDA_DEUDORES,VIDA_DEUDORES,2023-04-28,2023-05-05,2028-05-04,2023-06-04
POL0000480,AUTOS,AUTOS_LIVIANOS,2023-07-26,2023-08-02,2024-08-01,
POL0000481,SOAT,SOAT,2023-08-12,2023-08-17,2024-08-16,
POL0000482,AUTOS,AUTOS_PESADOS,2023-06-15,2023-06-22,2024-06-21,
POL0000483,VIDA_DEUDORES,VIDA_DEUDORES,2024-04-12,2024-04-23,2029-04-22,
POL0000484,SOAT,SOAT,2024-01-10,2024-01-23,2025-01-22,
POL0000485,CUMPLIMIENTO,CUMPL_PRIVADO,2023-09-21,2023-09-28,2025-09-27,
POL0000486,HOGAR,HOGAR,2024-07-03,2024-07-10,2025-07-09,
POL0000487,AUTOS,AUTOS_LIVIANOS,2024-01-18,2024-01-29,2025-01-28,
POL0000488,VIDA_DEUDORES,VIDA_DEUDORES,2024-06-09,2024-06-17,2028-06-16,
POL0000489,VIDA_DEUDORES,VIDA_DEUDORES,2024-02-10,2024-02-18,2028-02-17,
POL0000490,VIDA_DEUDORES,VIDA_DEUDORES,2024-02-28,2024-03-14,2027-03-13,
POL0000491,AUTOS,AUTOS_PESADOS,2024-08-19,2024-08-26,2025-08-25,
POL0000492,AUTOS,AUTOS_LIVIANOS,2024-01-02,2024-01-17,2025-01-16,
POL0000493,AUTOS,AUTOS_PESADOS,2022-12-25,2023-01-05,2024-01-04,2023-02-04
POL0000494,AUTOS,AUTOS_LIVIANOS,2023-04-16,2023-04-21,2024-04-20,
POL0000495,HOGAR,HOGAR,2024-04-28,2024-05-02,2025-05-01,
POL0000496,AUTOS,AUTOS_LIVIANOS,2023-02-26,2023-03-11,2024-03-10,
POL0000497,AUTOS,AUTOS_LIVIANOS,2023-09-07,2023-09-14,2024-09-13,2023-10-14
POL0000498,HOGAR,HOGAR,2023-03-09,2023-03-13,2024-03-12,
POL0000499,AUTOS,AUTOS_PESADOS,2023-07-10,2023-07-14,2024-07-13,
POL0000500,VIDA_DEUDORES,VIDA_DEUDORES,2023-09-17,2023-09-28,2027-09-27,
POL0000501,CUMPLIMIENTO,CUMPL_ESTATAL,2023-11-12,2023-11-27,2025-11-26,
POL0000502,AUTOS,AUTOS_PESADOS,2023-04-19,2023-04-28,2024-04-27,
POL0000503,CUMPLIMIENTO,CUMPL_ESTATAL,2023-06-20,2023-07-03,2026-07-02,
POL0000504,AUTOS,AUTOS_PESADOS,2023-03-29,2023-04-13,2024-04-12,
POL0000505,CUMPLIMIENTO,CUMPL_ESTATAL,2023-01-06,2023-01-08,2025-01-07,
POL0000506,AUTOS,AUTOS_PESADOS,2023-01-12,2023-01-24,2024-01-23,
POL0000507,CUMPLIMIENTO,CUMPL_ESTATAL,2024-12-04,2024-12-07,2027-12-06,
POL0000508,CUMPLIMIENTO,CUMPL_PRIVADO,2023-05-31,2023-06-11,2025-06-10,
POL0000509,AUTOS,AUTOS_LIVIANOS,2024-12-01,2024-12-15,2025-12-14,
POL0000510,CUMPLIMIENTO,CUMPL_ESTATAL,2024-11-17,2024-11-17,2025-11-16,
POL0000511,HOGAR,HOGAR,2023-03-03,2023-03-11,2024-03-10,
POL0000512,HOGAR,HOGAR,2024-08-19,2024-08-22,2025-08-21,
POL0000513,HOGAR,HOGAR,2024-11-20,2024-11-21,2025-11-20,
POL0000514,HOGAR,HOGAR,2023-08-30,2023-09-13,2024-09-12,
POL0000515,SOAT,SOAT,2024-10-09,2024-10-20,2025-10-19,2024-11-19
POL0000516,HOGAR,HOGAR,2024-04-07,2024-04-13,2025-04-12,
POL0000517,AUTOS,AUTOS_LIVIANOS,2024-08-10,2024-08-20,2025-08-19,
POL0000518,CUMPLIMIENTO,CUMPL_PRIVADO,2023-10-05,2023-10-16,2025-10-15,2023-11-15
POL0000519,VIDA_DEUDORES,VIDA_DEUDORES,2023-12-18,2023-12-23,2027-12-22,
POL0000520,HOGAR,HOGAR,2023-04-02,2023-04-11,2024-04-10,
POL0000521,SOAT,SOAT,2023-02-15,2023-03-01,2024-02-29,
POL0000522,HOGAR,HOGAR,2023-11-22,2023-11-25,2024-11-24,
POL0000523,CUMPLIMIENTO,CUMPL_PRIVADO,2024-11-22,2024-11-22,2027-11-21,
POL0000524,HOGAR,HOGAR,2023-08-11,2023-08-26,2024-08-25,
POL0000525,HOGAR,HOGAR,2024-12-21,2024-12-23,2025-12-22,
POL0000526,VIDA_DEUDORES,VIDA_DEUDORES,2023-10-25,2023-11-05,2027-11-04,2023-12-05
POL0000527,SOAT,SOAT,2024-01-10,2024-01-17,2025-01-16,
POL0000528,SOAT,SOAT,2023-12-03,2023-12-11,2024-12-10,
POL0000529,HOGAR,HOGAR,2023-09-28,2023-09-30,2024-09-29,
POL0000530,AUTOS,AUTOS_PESADOS,2023-06-14,2023-06-14,2024-06-13,
POL0000531,SOAT,SOAT,2024-05-11,2024-05-14,2025-05-13,
POL0000532,HOGAR,HOGAR,2024-05-09,2024-05-15,2025-05-14,2024-06-14
POL0000533,SOAT,SOAT,2024-10-01,2024-10-04,2025-10-03,
POL0000534,HOGAR,HOGAR,2023-07-24,2023-08-02,2024-08-01,2023-09-01
POL0000535,HOGAR,HOGAR,2023-02-22,2023-02-25,2024-02-24,
POL0000536,VIDA_DEUDORES,VIDA_DEUDORES,2024-01-28,2024-01-29,2028-01-28,
POL0000537,SOAT,SOAT,2023-02-08,2023-02-21,2024-02-20,2023-03-23
POL0000538,HOGAR,HOGAR,2022-12-19,2023-01-01,2023-12-31,2023-01-31
POL0000539,CUMPLIMIENTO,CUMPL_PRIVADO,2023-01-10,2023-01-17,2026-01-16,
POL0000540,CUMPLIMIENTO,CUMPL_PRIVADO,2023-09-07,2023-09-21,2024-09-20,2023-10-21
POL0000541,CUMPLIMIENTO,CUMPL_PRIVADO,2024-03-26,2024-03-29,2025-03-28,2024-04-28
POL0000542,SOAT,SOAT,2023-11-23,2023-11-28,2024-11-27,
POL0000543,VIDA_DEUDORES,VIDA_DEUDORES,2024-10-26,2024-10-31,2028-10-30,2024-11-30
POL0000544,VIDA_DEUDORES,VIDA_DEUDORES,2024-08-31,2024-09-14,2027-09-13,2024-10-14
POL0000545,VIDA_DEUDORES,VIDA_DEUDORES,2024-06-01,2024-06-03,2029-06-02,
POL0000546,HOGAR,HOGAR,2024-12-20,2024-12-21,2025-12-20,
POL0000547,SOAT,SOAT,2023-08-20,2023-08-30,2024-08-29,2023-09-29
POL0000548,CUMPLIMIENTO,CUMPL_ESTATAL,2024-02-02,2024-02-09,2027-02-08,
POL0000549,HOGAR,HOGAR,2023-05-31,2023-06-05,2024-06-04,
POL0000550,SOAT,SOAT,2023-02-11,2023-02-26,2024-02-25,
POL0000551,SOAT,SOAT,2023-12-28,2023-12-29,2024-12-28,
POL0000552,CUMPLIMIENTO,CUMPL_ESTATAL,2024-12-25,2024-12-29,2026-12-28,
POL0000553,AUTOS,AUTOS_LIVIANOS,2023-08-26,2023-09-06,2024-09-05,2023-10-06
POL0000554,VIDA_DEUDORES,VIDA_DEUDORES,2023-12-17,2023-12-19,2028-12-18,
POL0000555,VIDA_DEUDORES,VIDA_DEUDORES,2023-05-16,2023-05-21,2026-05-20,2023-06-20
POL0000556,HOGAR,HOGAR,2024-08-12,2024-08-24,2025-08-23,
POL0000557,HOGAR,HOGAR,2023-02-18,2023-03-03,2024-03-02,
POL0000558,HOGAR,HOGAR,2023-03-22,2023-03-30,2024-03-29,
POL0000559,SOAT,SOAT,2024-05-22,2024-05-25,2025-05-24,
POL0000560,HOGAR,HOGAR,2024-02-09,2024-02-16,2025-02-15,
POL0000561,VIDA_DEUDORES,VIDA_DEUDORES,2023-06-23,2023-07-05,2026-07-04,2023-08-04
POL0000562,HOGAR,HOGAR,2023-06-12,2023-06-21,2024-06-20,
POL0000563,CUMPLIMIENTO,CUMPL_PRIVADO,2024-05-30,2024-06-14,2025-06-13,2024-07-14
POL0000564,SOAT,SOAT,2024-06-18,2024-07-02,2025-07-01,2024-08-01
POL0000565,VIDA_DEUDORES,VIDA_DEUDORES,2023-12-31,2024-01-09,2029-01-08,
POL0000566,CUMPLIMIENTO,CUMPL_ESTATAL,2023-05-26,2023-06-09,2024-06-08,2023-07-09
POL0000567,HOGAR,HOGAR,2023-09-15,2023-09-30,2024-09-29,
POL0000568,VIDA_DEUDORES,VIDA_DEUDORES,2023-05-05,2023-05-05,2027-05-04,
POL0000569,AUTOS,AUTOS_PESADOS,2023-09-13,2023-09-27,2024-09-26,
POL0000570,CUMPLIMIENTO,CUMPL_ESTATAL,2023-04-19,2023-05-01,2025-04-30,
POL0000571,AUTOS,AUTOS_PESADOS,2024-02-20,2024-03-05,2025-03-04,
POL0000572,HOGAR,HOGAR,2023-11-07,2023-11-07,2024-11-06,
POL0000573,SOAT,SOAT,2023-01-08,2023-01-14,2024-01-13,2023-02-13
POL0000574,VIDA_DEUDORES,VIDA_DEUDORES,2024-03-05,2024-03-18,2028-03-17,2024-04-17
POL0000575,VIDA_DEUDORES,VIDA_DEUDORES,2023-08-16,2023-08-29,2026-08-28,
POL0000576,CUMPLIMIENTO,CUMPL_PRIVADO,2023-06-17,2023-07-02,2026-07-01,
POL0000577,SOAT,SOAT,2024-05-23,2024-06-02,2025-06-01,
POL0000578,HOGAR,HOGAR,2023-01-13,2023-01-14,2024-01-13,
POL0000579,HOGAR,HOGAR,2023-12-10,2023-12-23,2024-12-22,2024-01-22
POL0000580,CUMPLIMIENTO,CUMPL_PRIVADO,2023-01-29,2023-02-12,2025-02-11,
POL0000581,AUTOS,AUTOS_LIVIANOS,2024-04-20,2024-04-24,2025-04-23,
POL0000582,AUTOS,AUTOS_LIVIANOS,2024-08-25,2024-09-04,2025-09-03,
POL0000583,VIDA_DEUDORES,VIDA_DEUDORES,2023-04-26,2023-05-07,2026-05-06,2023-06-06
POL0000584,CUMPLIMIENTO,CUMPL_ESTATAL,2023-07-20,2023-07-21,2026-07-20,
POL0000585,VIDA_DEUDORES,VIDA_DEUDORES,2024-04-05,2024-04-16,2029-04-15,2024-05-16
POL0000586,AUTOS,AUTOS_PESADOS,2023-06-27,2023-07-08,2024-07-07,
POL0000587,HOGAR,HOGAR,2023-12-15,2023-12-17,2024-12-16,
POL0000588,VIDA_DEUDORES,VIDA_DEUDORES,2023-11-02,2023-11-08,2026-11-07,
POL0000589,VIDA_DEUDORES,VIDA_DEUDORES,2024-11-04,2024-11-06,2029-11-05,
POL0000590,HOGAR,HOGAR,2024-11-15,2024-11-22,2025-11-21,
POL0000591,VIDA_DEUDORES,VIDA_DEUDORES,2024-02-26,2024-02-26,2029-02-25,2024-03-27
POL0000592,CUMPLIMIENTO,CUMPL_PRIVADO,2023-06-11,2023-06-13,2024-06-12,
POL0000593,VIDA_DEUDORES,VIDA_DEUDORES,2023-05-01,2023-05-15,2027-05-14,
POL0000594,AUTOS,AUTOS_PESADOS,2024-10-08,2024-10-22,2025-10-21,
POL0000595,SOAT,SOAT,2024-01-31,2024-02-09,2025-02-08,
POL0000596,CUMPLIMIENTO,CUMPL_PRIVADO,2024-06-20,2024-07-04,2025-07-03,
POL0000597,HOGAR,HOGAR,2023-04-16,2023-04-23,2024-04-22,
POL0000598,CUMPLIMIENTO,CUMPL_ESTATAL,2024-02-12,2024-02-12,2026-02-11,
POL0000599,AUTOS,AUTOS_PESADOS,2023-08-03,2023-08-13,2024-08-12,
POL0000600,AUTOS,AUTOS_PESADOS,2023-09-08,2023-09-11,2024-09-10,
POL0000601,CUMPLIMIENTO,CUMPL_ESTATAL,2023-04-09,2023-04-13,2025-04-12,
POL0000602,VIDA_DEUDORES,VIDA_DEUDORES,2023-12-14,2023-12-23,2026-12-22,
POL0000603,AUTOS,AUTOS_PESADOS,2024-09-09,2024-09-09,2025-09-08,2024-10-09
POL0000604,HOGAR,HOGAR,2023-11-09,2023-11-15,2024-11-14,
POL0000605,AUTOS,AUTOS_LIVIANOS,2023-02-17,2023-02-23,2024-02-22,
POL0000606,CUMPLIMIENTO,CUMPL_ESTATAL,2024-08-09,2024-08-13,2025-08-12,
POL0000607,AUTOS,AUTOS_PESADOS,2022-12-25,2023-01-08,2024-01-07,
POL0000608,SOAT,SOAT,2024-11-01,2024-11-07,2025-11-06,
POL0000609,SOAT,SOAT,2023-10-15,2023-10-25,2024-10-24,2023-11-24
POL0000610,CUMPLIMIENTO,CUMPL_ESTATAL,2023-07-14,2023-07-18,2026-07-17,
POL0000611,HOGAR,HOGAR,2023-04-11,2023-04-16,2024-04-15,
POL0000612,CUMPLIMIENTO,CUMPL_ESTATAL,2024-06-24,2024-07-09,2027-07-08,
POL0000613,VIDA_DEUDORES,VIDA_DEUDORES,2023-04-12,2023-04-15,2027-04-14,
POL0000614,SOAT,SOAT,2024-03-03,2024-03-09,2025-03-08,
POL0000615,AUTOS,AUTOS_LIVIANOS,2023-07-07,2023-07-15,2024-07-14,
POL0000616,AUTOS,AUTOS_LIVIANOS,2023-09-17,2023-09-22,2024-09-21,
POL0000617,VIDA_DEUDORES,VIDA_DEUDORES,2024-09-20,2024-09-27,2027-09-26,
POL0000618,VIDA_DEUDORES,VIDA_DEUDORES,2023-05-07,2023-05-10,2027-05-09,2023-06-09
POL0000619,VIDA_DEUDORES,VIDA_DEUDORES,2024-01-06,2024-01-20,2028-01-19,
POL0000620,SOAT,SOAT,2023-07-21,2023-08-01,2024-07-31,
POL0000621,HOGAR,HOGAR,2023-03-17,2023-03-24,2024-03-23,2023-04-23
POL0000622,VIDA_DEUDORES,VIDA_DEUDORES,2023-04-26,2023-05-01,2026-04-30,
POL0000623,VIDA_DEUDORES,VIDA_DEUDORES,2024-02-17,2024-02-24,2027-02-23,
POL0000624,AUTOS,AUTOS_PESADOS,2024-11-17,2024-11-25,2025-11-24,2024-12-25
POL0000625,VIDA_DEUDORES,VIDA_DEUDORES,2023-05-09,2023-05-13,2028-05-12,
POL0000626,SOAT,SOAT,2024-04-30,2024-05-10,2025-05-09,
POL0000627,AUTOS,AUTOS_LIVIANOS,2023-02-21,2023-03-02,2024-03-01,
POL0000628,AUTOS,AUTOS_LIVIANOS,2023-08-19,2023-08-30,2024-08-29,
POL0000629,HOGAR,HOGAR,2023-11-13,2023-11-17,2024-11-16,2023-12-17
POL0000630,VIDA_DEUDORES,VIDA_DEUDORES,2024-05-25,2024-06-04,2028-06-03,
POL0000631,VIDA_DEUDORES,VIDA_DEUDORES,2024-12-12,2024-12-14,2029-12-13,
POL0000632,AUTOS,AUTOS_LIVIANOS,2024-07-16,2024-07-17,2025-07-16,
POL0000633,CUMPLIMIENTO,CUMPL_ESTATAL,2023-12-18,2023-12-27,2024-12-26,
POL0000634,SOAT,SOAT,2024-12-13,2024-12-19,2025-12-18,
POL0000635,AUTOS,AUTOS_PESADOS,2024-01-20,2024-02-04,2025-02-03,
POL0000636,SOAT,SOAT,2023-07-03,2023-07-15,2024-07-14,
POL0000637,AUTOS,AUTOS_LIVIANOS,2024-07-25,2024-07-25,2025-07-24,
POL0000638,AUTOS,AUTOS_LIVIANOS,2023-11-28,2023-11-28,2024-11-27,
POL0000639,CUMPLIMIENTO,CUMPL_PRIVADO,2023-11-21,2023-12-06,2025-12-05,
POL0000640,AUTOS,AUTOS_PESADOS,2023-06-04,2023-06-17,2024-06-16,
POL0000641,SOAT,SOAT,2023-01-29,2023-02-03,2024-02-02,
POL0000642,HOGAR,HOGAR,2023-11-30,2023-11-30,2024-11-29,
POL0000643,AUTOS,AUTOS_PESADOS,2023-11-16,2023-11-24,2024-11-23,2023-12-24
POL0000644,SOAT,SOAT,2023-10-04,2023-10-13,2024-10-12,
POL0000645,CUMPLIMIENTO,CUMPL_ESTATAL,2024-02-11,2024-02-19,2025-02-18,
POL0000646,CUMPLIMIENTO,CUMPL_PRIVADO,2024-09-12,2024-09-27,2025-09-26,
POL0000647,VIDA_DEUDORES,VIDA_DEUDORES,2023-03-11,2023-03-14,2027-03-13,
POL0000648,HOGAR,HOGAR,2023-06-14,2023-06-18,2024-06-17,
POL0000649,SOAT,SOAT,2023-11-11,2023-11-24,2024-11-23,
POL0000650,AUTOS,AUTOS_PESADOS,2023-03-18,2023-03-22,2024-03-21,
POL0000651,CUMPLIMIENTO,CUMPL_PRIVADO,2023-06-14,2023-06-21,2026-06-20,
POL0000652,HOGAR,HOGAR,2024-03-08,2024-03-09,2025-03-08,
POL0000653,VIDA_DEUDORES,VIDA_DEUDORES,2024-06-12,2024-06-24,2029-06-23,
POL0000654,VIDA_DEUDORES,VIDA_DEUDORES,2023-06-07,2023-06-15,2026-06-14,
POL0000655,AUTOS,AUTOS_LIVIANOS,2024-09-25,2024-10-08,2025-10-07,2024-11-07
POL0000656,HOGAR,HOGAR,2023-09-03,2023-09-13,2024-09-12,
POL0000657,CUMPLIMIENTO,CUMPL_ESTATAL,2023-05-07,2023-05-09,2025-05-08,
POL0000658,CUMPLIMIENTO,CUMPL_PRIVADO,2023-02-28,2023-03-09,2025-03-08,2023-04-08
POL0000659,HOGAR,HOGAR,2022-12-29,2023-01-07,2024-01-06,
POL0000660,CUMPLIMIENTO,CUMPL_ESTATAL,2023-02-07,2023-02-13,2026-02-12,
POL0000661,HOGAR,HOGAR,2024-02-10,2024-02-21,2025-02-20,
POL0000662,HOGAR,HOGAR,2023-01-15,2023-01-23,2024-01-22,2023-02-22
POL0000663,VIDA_DEUDORES,VIDA_DEUDORES,2024-10-30,2024-11-07,2027-11-06,
POL0000664,SOAT,SOAT,2023-09-26,2023-10-05,2024-10-04,
POL0000665,AUTOS,AUTOS_PESADOS,2023-03-12,2023-03-26,2024-03-25,2023-04-25
POL0000666,AUTOS,AUTOS_LIVIANOS,2023-02-27,2023-03-12,2024-03-11,
POL0000667,CUMPLIMIENTO,CUMPL_ESTATAL,2023-10-08,2023-10-21,2025-10-20,2023-11-20
POL0000668,SOAT,SOAT,2023-08-07,2023-08-16,2024-08-15,
POL0000669,AUTOS,AUTOS_LIVIANOS,2023-10-03,2023-10-05,2024-10-04,
POL0000670,VIDA_DEUDORES,VIDA_DEUDORES,2023-10-31,2023-11-02,2026-11-01,
POL0000671,VIDA_DEUDORES,VIDA_DEUDORES,2023-12-03,2023-12-16,2027-12-15,
POL0000672,VIDA_DEUDORES,VIDA_DEUDORES,2024-11-28,2024-12-02,2027-12-01,2025-01-01
POL0000673,SOAT,SOAT,2024-07-03,2024-07-18,2025-07-17,
POL0000674,HOGAR,HOGAR,2024-03-26,2024-03-31,2025-03-30,2024-04-30
POL0000675,AUTOS,AUTOS_LIVIANOS,2024-01-18,2024-01-29,2025-01-28,
POL0000676,VIDA_DEUDORES,VIDA_DEUDORES,2024-04-10,2024-04-24,2027-04-23,2024-05-24
POL0000677,CUMPLIMIENTO,CUMPL_ESTATAL,2023-12-08,2023-12-08,2024-12-07,2024-01-07
POL0000678,AUTOS,AUTOS_LIVIANOS,2024-05-20,2024-05-26,2025-05-25,
POL0000679,AUTOS,AUTOS_PESADOS,2024-10-05,2024-10-15,2025-10-14,
POL0000680,CUMPLIMIENTO,CUMPL_ESTATAL,2023-05-30,2023-06-10,2026-06-09,
POL0000681,SOAT,SOAT,2024-10-02,2024-10-03,2025-10-02,
POL0000682,VIDA_DEUDORES,VIDA_DEUDORES,2023-04-21,2023-04-25,2028-04-24,2023-05-25
POL0000683,HOGAR,HOGAR,2023-05-15,2023-05-28,2024-05-27,
POL0000684,AUTOS,AUTOS_PESADOS,2023-03-17,2023-03-26,2024-03-25,
POL0000685,AUTOS,AUTOS_PESADOS,2024-07-12,2024-07-27,2025-07-26,
POL0000686,SOAT,SOAT,2024-05-05,2024-05-12,2025-05-11,
POL0000687,VIDA_DEUDORES,VIDA_DEUDORES,2024-10-06,2024-10-20,2029-10-19,
POL0000688,SOAT,SOAT,2023-01-11,2023-01-23,2024-01-22,2023-02-22
POL0000689,HOGAR,HOGAR,2024-09-09,2024-09-23,2025-09-22,
POL0000690,AUTOS,AUTOS_LIVIANOS,2024-10-17,2024-10-29,2025-10-28,2024-11-28
POL0000691,HOGAR,HOGAR,2024-10-22,2024-10-31,2025-10-30,
POL0000692,CUMPLIMIENTO,CUMPL_ESTATAL,2023-12-03,2023-12-03,2025-12-02,
POL0000693,VIDA_DEUDORES,VIDA_DEUDORES,2023-02-28,2023-03-07,2026-03-06,
POL0000694,SOAT,SOAT,2023-11-01,2023-11-05,2024-11-04,
POL0000695,VIDA_DEUDORES,VIDA_DEUDORES,2024-07-04,2024-07-11,2027-07-10,2024-08-10
POL0000696,VIDA_DEUDORES,VIDA_DEUDORES,2023-08-28,2023-09-04,2026-09-03,2023-10-04
POL0000697,HOGAR,HOGAR,2024-10-28,2024-11-02,2025-11-01,
POL0000698,CUMPLIMIENTO,CUMPL_ESTATAL,2023-03-09,2023-03-18,2025-03-17,
POL0000699,CUMPLIMIENTO,CUMPL_ESTATAL,2024-12-07,2024-12-15,2026-12-14,2025-01-14
POL0000700,AUTOS,AUTOS_LIVIANOS,2023-01-04,2023-01-15,2024-01-14,
POL0000701,VIDA_DEUDORES,VIDA_DEUDORES,2023-07-26,2023-08-02,2027-08-01,
POL0000702,AUTOS,AUTOS_LIVIANOS,2024-06-27,2024-07-01,2025-06-30,
POL0000703,CUMPLIMIENTO,CUMPL_PRIVADO,2023-04-09,2023-04-24,2026-04-23,
POL0000704,HOGAR,HOGAR,2024-09-03,2024-09-10,2025-09-09,
POL0000705,AUTOS,AUTOS_PESADOS,2023-11-16,2023-11-26,2024-11-25,
POL0000706,HOGAR,HOGAR,2024-02-04,2024-02-07,2025-02-06,
POL0000707,AUTOS,AUTOS_PESADOS,2024-09-06,2024-09-13,2025-09-12,
POL0000708,SOAT,SOAT,2023-06-15,2023-06-29,2024-06-28,
POL0000709,CUMPLIMIENTO,CUMPL_PRIVADO,2023-11-18,2023-11-19,2026-11-18,2023-12-19
POL0000710,AUTOS,AUTOS_LIVIANOS,2023-03-13,2023-03-25,2024-03-24,
POL0000711,SOAT,SOAT,2023-09-12,2023-09-24,2024-09-23,
POL0000712,VIDA_DEUDORES,VIDA_DEUDORES,2024-02-16,2024-02-22,2029-02-21,
POL0000713,CUMPLIMIENTO,CUMPL_ESTATAL,2023-08-14,2023-08-14,2026-08-13,
POL0000714,HOGAR,HOGAR,2023-05-07,2023-05-08,2024-05-07,
POL0000715,AUTOS,AUTOS_LIVIANOS,2024-12-01,2024-12-11,2025-12-10,
POL0000716,SOAT,SOAT,2023-10-01,2023-10-02,2024-10-01,
POL0000717,CUMPLIMIENTO,CUMPL_PRIVADO,2024-01-27,2024-02-08,2027-02-07,
POL0000718,CUMPLIMIENTO,CUMPL_PRIVADO,2023-11-06,2023-11-19,2024-11-18,
POL0000719,VIDA_DEUDORES,VIDA_DEUDORES,2024-08-16,2024-08-28,2029-08-27,2024-09-27
POL0000720,CUMPLIMIENTO,CUMPL_ESTATAL,2023-12-06,2023-12-12,2026-12-11,
POL0000721,SOAT,SOAT,2024-07-18,2024-07-25,2025-07-24,
POL0000722,AUTOS,AUTOS_PESADOS,2023-11-06,2023-11-17,2024-11-16,2023-12-17
POL0000723,SOAT,SOAT,2023-12-19,2023-12-28,2024-12-27,
POL0000724,HOGAR,HOGAR,2023-08-13,2023-08-14,2024-08-13,
POL0000725,VIDA_DEUDORES,VIDA_DEUDORES,2023-06-15,2023-06-18,2027-06-17,
POL0000726,HOGAR,HOGAR,2023-09-19,2023-09-29,2024-09-28,
POL0000727,AUTOS,AUTOS_LIVIANOS,2024-05-13,2024-05-20,2025-05-19,
POL0000728,VIDA_DEUDORES,VIDA_DEUDORES,2024-05-15,2024-05-25,2029-05-24,
POL0000729,VIDA_DEUDORES,VIDA_DEUDORES,2023-07-08,2023-07-09,2027-07-08,
POL0000730,AUTOS,AUTOS_PESADOS,2024-04-22,2024-04-22,2025-04-21,
POL0000731,HOGAR,HOGAR,2023-04-08,2023-04-10,2024-04-09,
POL0000732,HOGAR,HOGAR,2024-10-29,2024-11-13,2025-11-12,
POL0000733,VIDA_DEUDORES,VIDA_DEUDORES,2024-04-08,2024-04-23,2027-04-22,
POL0000734,CUMPLIMIENTO,CUMPL_ESTATAL,2024-05-20,2024-05-30,2025-05-29,2024-06-29
POL0000735,HOGAR,HOGAR,2023-04-16,2023-04-25,2024-04-24,
POL0000736,SOAT,SOAT,2023-02-10,2023-02-23,2024-02-22,2023-03-25
POL0000737,HOGAR,HOGAR,2023-07-12,2023-07-24,2024-07-23,
POL0000738,SOAT,SOAT,2024-12-18,2024-12-26,2025-12-25,
POL0000739,SOAT,SOAT,2023-10-28,2023-11-06,2024-11-05,
POL0000740,HOGAR,HOGAR,2024-02-06,2024-02-10,2025-02-09,
POL0000741,HOGAR,HOGAR,2023-09-08,2023-09-23,2024-09-22,
POL0000742,AUTOS,AUTOS_PESADOS,2024-01-21,2024-02-03,2025-02-02,
POL0000743,AUTOS,AUTOS_LIVIANOS,2024-07-22,2024-08-01,2025-07-31,
POL0000744,CUMPLIMIENTO,CUMPL_ESTATAL,2024-10-27,2024-11-09,2026-11-08,
POL0000745,VIDA_DEUDORES,VIDA_DEUDORES,2024-11-12,2024-11-15,2027-11-14,
POL0000746,CUMPLIMIENTO,CUMPL_PRIVADO,2024-01-22,2024-01-30,2027-01-29,2024-02-29
POL0000747,HOGAR,HOGAR,2024-09-16,2024-09-28,2025-09-27,2024-10-28
POL0000748,AUTOS,AUTOS_PESADOS,2023-10-20,2023-10-25,2024-10-24,
POL0000749,SOAT,SOAT,2024-09-13,2024-09-22,2025-09-21,
POL0000750,AUTOS,AUTOS_PESADOS,2023-04-25,2023-05-10,2024-05-09,2023-06-09
POL0000751,HOGAR,HOGAR,2023-09-06,2023-09-21,2024-09-20,2023-10-21
POL0000752,CUMPLIMIENTO,CUMPL_PRIVADO,2023-06-10,2023-06-13,2026-06-12,2023-07-13
POL0000753,CUMPLIMIENTO,CUMPL_ESTATAL,2024-06-06,2024-06-19,2025-06-18,
POL0000754,CUMPLIMIENTO,CUMPL_ESTATAL,2024-11-16,2024-11-29,2026-11-28,
POL0000755,CUMPLIMIENTO,CUMPL_PRIVADO,2024-07-17,2024-07-25,2026-07-24,
POL0000756,HOGAR,HOGAR,2024-10-17,2024-10-20,2025-10-19,2024-11-19
POL0000757,AUTOS,AUTOS_PESADOS,2024-06-27,2024-07-10,2025-07-09,2024-08-09
POL0000758,HOGAR,HOGAR,2024-01-17,2024-01-28,2025-01-27,
POL0000759,HOGAR,HOGAR,2023-01-15,2023-01-25,2024-01-24,2023-02-24
POL0000760,VIDA_DEUDORES,VIDA_DEUDORES,2023-11-29,2023-12-04,2028-12-03,
POL0000761,SOAT,SOAT,2023-05-30,2023-05-31,2024-05-30,
POL0000762,AUTOS,AUTOS_PESADOS,2024-11-28,2024-12-13,2025-12-12,
POL0000763,HOGAR,HOGAR,2024-04-25,2024-05-03,2025-05-02,
POL0000764,AUTOS,AUTOS_LIVIANOS,2024-10-08,2024-10-19,2025-10-18,
POL0000765,CUMPLIMIENTO,CUMPL_ESTATAL,2024-02-10,2024-02-12,2025-02-11,
POL0000766,SOAT,SOAT,2023-11-24,2023-12-02,2024-12-01,
POL0000767,VIDA_DEUDORES,VIDA_DEUDORES,2024-07-16,2024-07-27,2029-07-26,
POL0000768,HOGAR,HOGAR,2024-04-15,2024-04-21,2025-04-20,
POL0000769,CUMPLIMIENTO,CUMPL_PRIVADO,2024-03-31,2024-04-14,2026-04-13,
POL0000770,AUTOS,AUTOS_PESADOS,2023-08-08,2023-08-10,2024-08-09,2023-09-09
POL0000771,SOAT,SOAT,2023-04-07,2023-04-08,2024-04-07,
POL0000772,VIDA_DEUDORES,VIDA_DEUDORES,2023-05-24,2023-06-05,2026-06-04,
POL0000773,VIDA_DEUDORES,VIDA_DEUDORES,2024-06-11,2024-06-24,2028-06-23,
POL0000774,VIDA_DEUDORES,VIDA_DEUDORES,2024-06-27,2024-07-11,2028-07-10,2024-08-10
POL0000775,AUTOS,AUTOS_LIVIANOS,2024-12-12,2024-12-23,2025-12-22,2025-01-22
POL0000776,VIDA_DEUDORES,VIDA_DEUDORES,2023-07-23,2023-07-23,2027-07-22,
POL0000777,CUMPLIMIENTO,CUMPL_PRIVADO,2023-06-26,2023-06-30,2025-06-29,
POL0000778,AUTOS,AUTOS_LIVIANOS,2024-06-30,2024-07-02,2025-07-01,
POL0000779,HOGAR,HOGAR,2024-04-10,2024-04-21,2025-04-20,
POL0000780,SOAT,SOAT,2024-08-29,2024-09-01,2025-08-31,
POL0000781,SOAT,SOAT,2023-10-25,2023-10-28,2024-10-27,
POL0000782,VIDA_DEUDORES,VIDA_DEUDORES,2024-03-03,2024-03-11,2028-03-10,
POL0000783,VIDA_DEUDORES,VIDA_DEUDORES,2023-09-26,2023-10-02,2026-10-01,
POL0000784,VIDA_DEUDORES,VIDA_DEUDORES,2024-11-25,2024-11-25,2027-11-24,2024-12-25
POL0000785,HOGAR,HOGAR,2024-08-22,2024-08-24,2025-08-23,
POL0000786,HOGAR,HOGAR,2024-06-05,2024-06-16,2025-06-15,
POL0000787,SOAT,SOAT,2024-05-31,2024-06-15,2025-06-14,
POL0000788,SOAT,SOAT,2024-06-01,2024-06-14,2025-06-13,
POL0000789,VIDA_DEUDORES,VIDA_DEUDORES,2024-05-31,2024-06-04,2029-06-03,
POL0000790,CUMPLIMIENTO,CUMPL_PRIVADO,2024-11-14,2024-11-14,2025-11-13,2024-12-14
POL0000791,HOGAR,HOGAR,2023-11-01,2023-11-01,2024-10-31,
POL0000792,VIDA_DEUDORES,VIDA_DEUDORES,2024-08-20,2024-09-04,2028-09-03,
POL0000793,VIDA_DEUDORES,VIDA_DEUDORES,2023-09-09,2023-09-12,2028-09-11,
POL0000794,CUMPLIMIENTO,CUMPL_PRIVADO,2024-11-07,2024-11-15,2027-11-14,
POL0000795,CUMPLIMIENTO,CUMPL_ESTATAL,2023-12-08,2023-12-09,2024-12-08,
POL0000796,VIDA_DEUDORES,VIDA_DEUDORES,2023-02-16,2023-02-17,2026-02-16,2023-03-19
POL0000797,HOGAR,HOGAR,2024-06-17,2024-06-17,2025-06-16,
POL0000798,AUTOS,AUTOS_PESADOS,2024-04-10,2024-04-12,2025-04-11,
POL0000799,CUMPLIMIENTO,CUMPL_ESTATAL,2023-02-20,2023-03-02,2026-03-01,
POL0000800,VIDA_DEUDORES,VIDA_DEUDORES,2024-11-11,2024-11-21,2029-11-20,
POL0000801,VIDA_DEUDORES,VIDA_DEUDORES,2023-07-16,2023-07-25,2028-07-24,
POL0000802,HOGAR,HOGAR,2024-03-06,2024-03-11,2025-03-10,2024-04-10
POL0000803,CUMPLIMIENTO,CUMPL_ESTATAL,2024-02-14,2024-02-18,2027-02-17,2024-03-19
POL0000804,HOGAR,HOGAR,2023-10-27,2023-11-06,2024-11-05,
POL0000805,AUTOS,AUTOS_PESADOS,2023-05-31,2023-06-09,2024-06-08,
POL0000806,SOAT,SOAT,2023-08-17,2023-08-20,2024-08-19,
POL0000807,CUMPLIMIENTO,CUMPL_ESTATAL,2023-12-21,2023-12-25,2026-12-24,
POL0000808,CUMPLIMIENTO,CUMPL_ESTATAL,2023-11-04,2023-11-10,2026-11-09,
POL0000809,AUTOS,AUTOS_PESADOS,2024-04-04,2024-04-11,2025-04-10,
POL0000810,AUTOS,AUTOS_PESADOS,2024-09-28,2024-10-01,2025-09-30,
POL0000811,AUTOS,AUTOS_LIVIANOS,2024-04-14,2024-04-19,2025-04-18,
POL0000812,HOGAR,HOGAR,2023-01-03,2023-01-08,2024-01-07,
POL0000813,AUTOS,AUTOS_LIVIANOS,2024-01-12,2024-01-16,2025-01-15,
POL0000814,SOAT,SOAT,2024-04-12,2024-04-12,2025-04-11,
POL0000815,HOGAR,HOGAR,2024-03-04,2024-03-09,2025-03-08,
POL0000816,SOAT,SOAT,2023-08-21,2023-09-04,2024-09-03,
POL0000817,CUMPLIMIENTO,CUMPL_PRIVADO,2023-08-06,2023-08-12,2024-08-11,
POL0000818,VIDA_DEUDORES,VIDA_DEUDORES,2023-05-09,2023-05-24,2026-05-23,2023-06-23
POL0000819,AUTOS,AUTOS_LIVIANOS,2024-03-30,2024-04-10,2025-04-09,
POL0000820,SOAT,SOAT,2024-01-15,2024-01-16,2025-01-15,
POL0000821,AUTOS,AUTOS_PESADOS,2023-09-26,2023-10-11,2024-10-10,
POL0000822,AUTOS,AUTOS_LIVIANOS,2023-05-15,2023-05-24,2024-05-23,
POL0000823,AUTOS,AUTOS_PESADOS,2024-06-01,2024-06-16,2025-06-15,
POL0000824,SOAT,SOAT,2024-03-16,2024-03-23,2025-03-22,2024-04-22
POL0000825,SOAT,SOAT,2024-10-20,2024-10-30,2025-10-29,
POL0000826,VIDA_DEUDORES,VIDA_DEUDORES,2023-12-06,2023-12-18,2027-12-17,
POL0000827,CUMPLIMIENTO,CUMPL_PRIVADO,2024-10-26,2024-11-09,2025-11-08,
POL0000828,CUMPLIMIENTO,CUMPL_ESTATAL,2024-01-21,2024-02-01,2025-01-31,
POL0000829,AUTOS,AUTOS_PESADOS,2024-10-29,2024-11-06,2025-11-05,
POL0000830,HOGAR,HOGAR,2024-04-19,2024-04-23,2025-04-22,2024-05-23
POL0000831,HOGAR,HOGAR,2023-06-15,2023-06-24,2024-06-23,2023-07-24
POL0000832,VIDA_DEUDORES,VIDA_DEUDORES,2023-04-16,2023-04-28,2027-04-27,
POL0000833,CUMPLIMIENTO,CUMPL_ESTATAL,2023-11-09,2023-11-11,2025-11-10,
POL0000834,SOAT,SOAT,2024-04-27,2024-05-09,2025-05-08,
POL0000835,SOAT,SOAT,2024-01-23,2024-01-31,2025-01-30,
POL0000836,HOGAR,HOGAR,2023-05-19,2023-05-24,2024-05-23,
POL0000837,SOAT,SOAT,2023-03-28,2023-03-30,2024-03-29,
POL0000838,CUMPLIMIENTO,CUMPL_ESTATAL,2023-11-30,2023-12-12,2026-12-11,2024-01-11
POL0000839,AUTOS,AUTOS_LIVIANOS,2023-09-24,2023-10-06,2024-10-05,
POL0000840,CUMPLIMIENTO,CUMPL_PRIVADO,2024-03-15,2024-03-29,2027-03-28,
POL0000841,VIDA_DEUDORES,VIDA_DEUDORES,2023-08-08,2023-08-22,2027-08-21,
POL0000842,VIDA_DEUDORES,VIDA_DEUDORES,2024-03-26,2024-03-26,2027-03-25,
POL0000843,CUMPLIMIENTO,CUMPL_PRIVADO,2024-02-18,2024-02-19,2026-02-18,2024-03-20
POL0000844,SOAT,SOAT,2023-05-27,2023-05-30,2024-05-29,
POL0000845,HOGAR,HOGAR,2023-12-29,2023-12-31,2024-12-30,2024-01-30
POL0000846,HOGAR,HOGAR,2023-11-10,2023-11-19,2024-11-18,
POL0000847,SOAT,SOAT,2024-06-17,2024-06-22,2025-06-21,2024-07-22
POL0000848,HOGAR,HOGAR,2023-03-08,2023-03-15,2024-03-14,
POL0000849,CUMPLIMIENTO,CUMPL_ESTATAL,2023-01-01,2023-01-03,2026-01-02,2023-02-02
POL0000850,SOAT,SOAT,2023-06-22,2023-07-07,2024-07-06,
POL0000851,CUMPLIMIENTO,CUMPL_PRIVADO,2024-04-18,2024-05-01,2025-04-30,
POL0000852,AUTOS,AUTOS_PESADOS,2024-05-12,2024-05-13,2025-05-12,
POL0000853,HOGAR,HOGAR,2024-12-02,2024-12-02,2025-12-01,
POL0000854,VIDA_DEUDORES,VIDA_DEUDORES,2023-04-23,2023-05-08,2028-05-07,
POL0000855,CUMPLIMIENTO,CUMPL_ESTATAL,2023-10-18,2023-10-26,2024-10-25,
POL0000856,SOAT,SOAT,2024-07-19,2024-07-24,2025-07-23,
POL0000857,SOAT,SOAT,2023-07-27,2023-08-03,2024-08-02,
POL0000858,AUTOS,AUTOS_PESADOS,2024-11-06,2024-11-20,2025-11-19,2024-12-20
POL0000859,CUMPLIMIENTO,CUMPL_ESTATAL,2024-10-14,2024-10-24,2026-10-23,
POL0000860,HOGAR,HOGAR,2023-09-18,2023-09-29,2024-09-28,
POL0000861,HOGAR,HOGAR,2024-06-26,2024-07-06,2025-07-05,
POL0000862,CUMPLIMIENTO,CUMPL_PRIVADO,2023-02-08,2023-02-19,2026-02-18,
POL0000863,CUMPLIMIENTO,CUMPL_PRIVADO,2023-04-23,2023-05-04,2025-05-03,
POL0000864,HOGAR,HOGAR,2023-07-10,2023-07-12,2024-07-11,
POL0000865,VIDA_DEUDORES,VIDA_DEUDORES,2023-01-27,2023-02-11,2028-02-10,
POL0000866,SOAT,SOAT,2024-11-04,2024-11-16,2025-11-15,
POL0000867,AUTOS,AUTOS_LIVIANOS,2024-10-01,2024-10-02,2025-10-01,
POL0000868,CUMPLIMIENTO,CUMPL_ESTATAL,2023-11-17,2023-11-19,2026-11-18,
POL0000869,HOGAR,HOGAR,2023-02-22,2023-03-02,2024-03-01,2023-04-01
POL0000870,AUTOS,AUTOS_LIVIANOS,2024-06-11,2024-06-23,2025-06-22,
POL0000871,SOAT,SOAT,2024-07-11,2024-07-22,2025-07-21,
POL0000872,VIDA_DEUDORES,VIDA_DEUDORES,2024-04-19,2024-04-24,2028-04-23,2024-05-24
POL0000873,SOAT,SOAT,2024-02-20,2024-02-28,2025-02-27,
POL0000874,CUMPLIMIENTO,CUMPL_ESTATAL,2024-05-16,2024-05-28,2025-05-27,
POL0000875,VIDA_DEUDORES,VIDA_DEUDORES,2024-09-16,2024-09-25,2028-09-24,
POL0000876,HOGAR,HOGAR,2023-06-06,2023-06-06,2024-06-05,
POL0000877,VIDA_DEUDORES,VIDA_DEUDORES,2024-03-01,2024-03-11,2027-03-10,
POL0000878,HOGAR,HOGAR,2023-08-25,2023-08-29,2024-08-28,2023-09-28
POL0000879,HOGAR,HOGAR,2023-02-02,2023-02-17,2024-02-16,
POL0000880,SOAT,SOAT,2023-10-07,2023-10-22,2024-10-21,
POL0000881,AUTOS,AUTOS_LIVIANOS,2023-04-14,2023-04-29,2024-04-28,
POL0000882,VIDA_DEUDORES,VIDA_DEUDORES,2023-09-14,2023-09-19,2028-09-18,
POL0000883,AUTOS,AUTOS_PESADOS,2024-05-26,2024-06-09,2025-06-08,
POL0000884,SOAT,SOAT,2024-09-16,2024-10-01,2025-09-30,
POL0000885,HOGAR,HOGAR,2024-09-14,2024-09-19,2025-09-18,
POL0000886,CUMPLIMIENTO,CUMPL_PRIVADO,2023-04-03,2023-04-11,2024-04-10,2023-05-11
POL0000887,SOAT,SOAT,2024-05-14,2024-05-25,2025-05-24,
POL0000888,AUTOS,AUTOS_PESADOS,2024-02-19,2024-02-27,2025-02-26,
POL0000889,AUTOS,AUTOS_PESADOS,2024-10-13,2024-10-18,2025-10-17,
POL0000890,SOAT,SOAT,2023-06-27,2023-07-05,2024-07-04,
POL0000891,CUMPLIMIENTO,CUMPL_PRIVADO,2023-04-19,2023-04-26,2024-04-25,
POL0000892,SOAT,SOAT,2023-05-29,2023-05-29,2024-05-28,
POL0000893,HOGAR,HOGAR,2023-01-01,2023-01-01,2023-12-31,
POL0000894,SOAT,SOAT,2023-01-14,2023-01-24,2024-01-23,
POL0000895,VIDA_DEUDORES,VIDA_DEUDORES,2023-10-01,2023-10-16,2026-10-15,
POL0000896,VIDA_DEUDORES,VIDA_DEUDORES,2023-05-14,2023-05-14,2027-05-13,2023-06-13
POL0000897,CUMPLIMIENTO,CUMPL_PRIVADO,2024-07-21,2024-07-26,2027-07-25,
POL0000898,CUMPLIMIENTO,CUMPL_ESTATAL,2024-10-31,2024-11-09,2025-11-08,
POL0000899,HOGAR,HOGAR,2023-11-10,2023-11-24,2024-11-23,
POL0000900,AUTOS,AUTOS_PESADOS,2023-11-14,2023-11-25,2024-11-24,
POL0000901,AUTOS,AUTOS_PESADOS,2023-10-07,2023-10-12,2024-10-11,
POL0000902,AUTOS,AUTOS_LIVIANOS,2024-03-08,2024-03-10,2025-03-09,
POL0000903,AUTOS,AUTOS_LIVIANOS,2023-07-25,2023-08-05,2024-08-04,2023-09-04
POL0000904,CUMPLIMIENTO,CUMPL_PRIVADO,2023-05-15,2023-05-16,2025-05-15,
POL0000905,SOAT,SOAT,2024-04-13,2024-04-15,2025-04-14,
POL0000906,CUMPLIMIENTO,CUMPL_ESTATAL,2024-02-04,2024-02-17,2027-02-16,
POL0000907,AUTOS,AUTOS_PESADOS,2023-04-05,2023-04-20,2024-04-19,
POL0000908,HOGAR,HOGAR,2023-04-17,2023-04-28,2024-04-27,
POL0000909,VIDA_DEUDORES,VIDA_DEUDORES,2024-04-23,2024-05-03,2027-05-02,
POL0000910,CUMPLIMIENTO,CUMPL_ESTATAL,2023-04-17,2023-04-20,2025-04-19,
POL0000911,HOGAR,HOGAR,2023-07-06,2023-07-19,2024-07-18,
POL0000912,CUMPLIMIENTO,CUMPL_ESTATAL,2024-03-25,2024-03-31,2025-03-30,
POL0000913,SOAT,SOAT,2024-05-24,2024-06-02,2025-06-01,2024-07-02
POL0000914,HOGAR,HOGAR,2024-10-13,2024-10-20,2025-10-19,
POL0000915,HOGAR,HOGAR,2023-10-02,2023-10-09,2024-10-08,
POL0000916,HOGAR,HOGAR,2023-07-24,2023-08-07,2024-08-06,
POL0000917,VIDA_DEUDORES,VIDA_DEUDORES,2024-08-22,2024-08-22,2028-08-21,
POL0000918,HOGAR,HOGAR,2023-10-24,2023-10-28,2024-10-27,2023-11-27
POL0000919,HOGAR,HOGAR,2024-02-05,2024-02-20,2025-02-19,
POL0000920,HOGAR,HOGAR,2024-02-25,2024-02-29,2025-02-27,
POL0000921,VIDA_DEUDORES,VIDA_DEUDORES,2023-08-08,2023-08-08,2028-08-07,
POL0000922,SOAT,SOAT,2023-07-23,2023-07-26,2024-07-25,
POL0000923,CUMPLIMIENTO,CUMPL_PRIVADO,2024-12-10,2024-12-24,2027-12-23,
POL0000924,HOGAR,HOGAR,2024-02-02,2024-02-05,2025-02-04,
POL0000925,HOGAR,HOGAR,2023-08-18,2023-09-01,2024-08-31,
POL0000926,HOGAR,HOGAR,2023-10-10,2023-10-21,2024-10-20,
POL0000927,AUTOS,AUTOS_LIVIANOS,2024-07-18,2024-07-29,2025-07-28,
POL0000928,HOGAR,HOGAR,2024-04-10,2024-04-25,2025-04-24,2024-05-25
POL0000929,HOGAR,HOGAR,2023-11-14,2023-11-26,2024-11-25,
POL0000930,SOAT,SOAT,2023-10-30,2023-11-02,2024-11-01,2023-12-02
POL0000931,CUMPLIMIENTO,CUMPL_ESTATAL,2024-01-15,2024-01-20,2027-01-19,
POL0000932,HOGAR,HOGAR,2023-04-24,2023-05-06,2024-05-05,
POL0000933,HOGAR,HOGAR,2023-12-11,2023-12-23,2024-12-22,
POL0000934,AUTOS,AUTOS_LIVIANOS,2024-02-19,2024-03-01,2025-02-28,
POL0000935,AUTOS,AUTOS_PESADOS,2023-10-24,2023-10-29,2024-10-28,
POL0000936,HOGAR,HOGAR,2023-07-26,2023-07-26,2024-07-25,
POL0000937,AUTOS,AUTOS_LIVIANOS,2024-10-29,2024-10-29,2025-10-28,
POL0000938,CUMPLIMIENTO,CUMPL_ESTATAL,2024-04-26,2024-05-01,2027-04-30,
POL0000939,CUMPLIMIENTO,CUMPL_PRIVADO,2023-08-30,2023-09-04,2024-09-03,
POL0000940,HOGAR,HOGAR,2024-02-06,2024-02-18,2025-02-17,
POL0000941,VIDA_DEUDORES,VIDA_DEUDORES,2024-11-11,2024-11-20,2027-11-19,
POL0000942,CUMPLIMIENTO,CUMPL_ESTATAL,2023-08-08,2023-08-19,2024-08-18,
POL0000943,CUMPLIMIENTO,CUMPL_ESTATAL,2024-11-15,2024-11-28,2026-11-27,
POL0000944,HOGAR,HOGAR,2023-03-24,2023-03-28,2024-03-27,
POL0000945,CUMPLIMIENTO,CUMPL_PRIVADO,2023-02-27,2023-03-14,2026-03-13,2023-04-13
POL0000946,HOGAR,HOGAR,2023-04-07,2023-04-17,2024-04-16,
POL0000947,VIDA_DEUDORES,VIDA_DEUDORES,2023-03-27,2023-04-01,2026-03-31,
POL0000948,CUMPLIMIENTO,CUMPL_ESTATAL,2024-09-11,2024-09-14,2027-09-13,2024-10-14
POL0000949,SOAT,SOAT,2024-06-20,2024-07-05,2025-07-04,
POL0000950,AUTOS,AUTOS_PESADOS,2024-11-13,2024-11-23,2025-11-22,
POL0000951,AUTOS,AUTOS_LIVIANOS,2023-03-25,2023-03-31,2024-03-30,
POL0000952,CUMPLIMIENTO,CUMPL_ESTATAL,2023-01-30,2023-02-08,2025-02-07,
POL0000953,VIDA_DEUDORES,VIDA_DEUDORES,2024-01-06,2024-01-11,2027-01-10,
POL0000954,SOAT,SOAT,2023-09-27,2023-10-10,2024-10-09,
POL0000955,SOAT,SOAT,2023-07-11,2023-07-22,2024-07-21,
POL0000956,HOGAR,HOGAR,2023-08-23,2023-09-03,2024-09-02,
POL0000957,HOGAR,HOGAR,2024-06-11,2024-06-15,2025-06-14,
POL0000958,VIDA_DEUDORES,VIDA_DEUDORES,2023-01-23,2023-02-01,2026-01-31,
POL0000959,AUTOS,AUTOS_PESADOS,2023-11-04,2023-11-15,2024-11-14,
POL0000960,CUMPLIMIENTO,CUMPL_ESTATAL,2023-05-22,2023-06-05,2024-06-04,
POL0000961,AUTOS,AUTOS_PESADOS,2024-01-19,2024-02-03,2025-02-02,
POL0000962,VIDA_DEUDORES,VIDA_DEUDORES,2023-06-08,2023-06-15,2028-06-14,
POL0000963,CUMPLIMIENTO,CUMPL_ESTATAL,2023-10-24,2023-10-27,2024-10-26,
POL0000964,CUMPLIMIENTO,CUMPL_PRIVADO,2023-02-25,2023-03-02,2024-03-01,
POL0000965,AUTOS,AUTOS_LIVIANOS,2023-03-04,2023-03-17,2024-03-16,
POL0000966,VIDA_DEUDORES,VIDA_DEUDORES,2023-12-05,2023-12-10,2026-12-09,2024-01-09
POL0000967,CUMPLIMIENTO,CUMPL_PRIVADO,2023-04-03,2023-04-12,2024-04-11,
POL0000968,HOGAR,HOGAR,2024-01-20,2024-02-02,2025-02-01,
POL0000969,VIDA_DEUDORES,VIDA_DEUDORES,2024-04-19,2024-04-29,2027-04-28,
POL0000970,AUTOS,AUTOS_PESADOS,2024-09-29,2024-09-30,2025-09-29,
POL0000971,SOAT,SOAT,2023-03-21,2023-04-05,2024-04-04,
POL0000972,CUMPLIMIENTO,CUMPL_PRIVADO,2024-07-25,2024-08-03,2027-08-02,
POL0000973,AUTOS,AUTOS_PESADOS,2023-04-10,2023-04-16,2024-04-15,
POL0000974,SOAT,SOAT,2024-09-06,2024-09-20,2025-09-19,
POL0000975,AUTOS,AUTOS_LIVIANOS,2023-06-03,2023-06-13,2024-06-12,
POL0000976,AUTOS,AUTOS_PESADOS,2024-06-10,2024-06-21,2025-06-20,2024-07-21
POL0000977,CUMPLIMIENTO,CUMPL_ESTATAL,2023-06-23,2023-07-05,2025-07-04,
POL0000978,AUTOS,AUTOS_PESADOS,2024-05-22,2024-05-23,2025-05-22,
POL0000979,VIDA_DEUDORES,VIDA_DEUDORES,2024-08-20,2024-08-20,2029-08-19,
POL0000980,AUTOS,AUTOS_PESADOS,2024-06-09,2024-06-15,2025-06-14,
POL0000981,AUTOS,AUTOS_LIVIANOS,2024-02-15,2024-02-23,2025-02-22,
POL0000982,VIDA_DEUDORES,VIDA_DEUDORES,2024-05-03,2024-05-05,2028-05-04,
POL0000983,VIDA_DEUDORES,VIDA_DEUDORES,2024-02-09,2024-02-21,2028-02-20,
POL0000984,SOAT,SOAT,2023-07-22,2023-07-31,2024-07-30,
POL0000985,VIDA_DEUDORES,VIDA_DEUDORES,2024-12-20,2024-12-23,2029-12-22,
POL0000986,HOGAR,HOGAR,2024-01-04,2024-01-18,2025-01-17,
POL0000987,AUTOS,AUTOS_PESADOS,2023-11-01,2023-11-01,2024-10-31,
POL0000988,AUTOS,AUTOS_PESADOS,2023-09-27,2023-09-28,2024-09-27,
POL0000989,CUMPLIMIENTO,CUMPL_ESTATAL,2023-05-24,2023-05-28,2024-05-27,
POL0000990,AUTOS,AUTOS_PESADOS,2023-01-14,2023-01-20,2024-01-19,
POL0000991,HOGAR,HOGAR,2023-12-16,2023-12-18,2024-12-17,
POL0000992,CUMPLIMIENTO,CUMPL_PRIVADO,2024-06-30,2024-06-30,2025-06-29,
POL0000993,VIDA_DEUDORES,VIDA_DEUDORES,2024-01-21,2024-01-24,2029-01-23,
POL0000994,VIDA_DEUDORES,VIDA_DEUDORES,2024-02-15,2024-02-23,2028-02-22,2024-03-24
POL0000995,CUMPLIMIENTO,CUMPL_ESTATAL,2024-07-01,2024-07-08,2026-07-07,
POL0000996,SOAT,SOAT,2024-11-25,2024-12-01,2025-11-30,
POL0000997,HOGAR,HOGAR,2023-12-07,2023-12-21,2024-12-20,
POL0000998,CUMPLIMIENTO,CUMPL_ESTATAL,2023-12-23,2023-12-26,2025-12-25,
POL0000999,CUMPLIMIENTO,CUMPL_ESTATAL,2023-08-25,2023-08-28,2025-08-27,
POL0001000,VIDA_DEUDORES,VIDA_DEUDORES,2023-03-01,2023-03-03,2026-03-02,
POL0001001,CUMPLIMIENTO,CUMPL_ESTATAL,2024-05-19,2024-06-01,2025-05-31,
POL0001002,VIDA_DEUDORES,VIDA_DEUDORES,2023-04-30,2023-05-14,2027-05-13,2023-06-13
POL0001003,CUMPLIMIENTO,CUMPL_ESTATAL,2024-05-01,2024-05-10,2027-05-09,
POL0001004,AUTOS,AUTOS_PESADOS,2023-02-20,2023-03-06,2024-03-05,
POL0001005,AUTOS,AUTOS_LIVIANOS,2022-12-29,2023-01-06,2024-01-05,
POL0001006,HOGAR,HOGAR,2024-07-07,2024-07-14,2025-07-13,2024-08-13
POL0001007,VIDA_DEUDORES,VIDA_DEUDORES,2023-08-20,2023-08-28,2026-08-27,
POL0001008,CUMPLIMIENTO,CUMPL_PRIVADO,2023-07-12,2023-07-14,2025-07-13,
POL0001009,HOGAR,HOGAR,2023-12-31,2024-01-13,2025-01-12,
POL0001010,HOGAR,HOGAR,2024-06-01,2024-06-09,2025-06-08,
POL0001011,AUTOS,AUTOS_PESADOS,2024-05-22,2024-06-02,2025-06-01,
POL0001012,HOGAR,HOGAR,2023-12-18,2023-12-24,2024-12-23,2024-01-23
POL0001013,AUTOS,AUTOS_PESADOS,2024-03-16,2024-03-30,2025-03-29,
POL0001014,AUTOS,AUTOS_PESADOS,2023-03-15,2023-03-24,2024-03-23,
POL0001015,CUMPLIMIENTO,CUMPL_PRIVADO,2023-02-24,2023-03-03,2025-03-02,
POL0001016,SOAT,SOAT,2024-12-24,2024-12-27,2025-12-26,
POL0001017,HOGAR,HOGAR,2023-07-01,2023-07-10,2024-07-09,2023-08-09
POL0001018,AUTOS,AUTOS_PESADOS,2023-01-06,2023-01-06,2024-01-05,
POL0001019,AUTOS,AUTOS_LIVIANOS,2023-04-15,2023-04-20,2024-04-19,
POL0001020,HOGAR,HOGAR,2023-04-11,2023-04-26,2024-04-25,2023-05-26
POL0001021,AUTOS,AUTOS_PESADOS,2024-02-06,2024-02-09,2025-02-08,2024-03-10
POL0001022,SOAT,SOAT,2023-05-03,2023-05-17,2024-05-16,2023-06-16
POL0001023,SOAT,SOAT,2024-11-28,2024-12-03,2025-12-02,
POL0001024,CUMPLIMIENTO,CUMPL_ESTATAL,2024-02-04,2024-02-18,2025-02-17,
POL0001025,CUMPLIMIENTO,CUMPL_ESTATAL,2024-06-30,2024-07-06,2025-07-05,
POL0001026,VIDA_DEUDORES,VIDA_DEUDORES,2024-06-05,2024-06-18,2029-06-17,
POL0001027,SOAT,SOAT,2024-06-29,2024-07-05,2025-07-04,
POL0001028,AUTOS,AUTOS_PESADOS,2024-04-09,2024-04-12,2025-04-11,2024-05-12
POL0001029,SOAT,SOAT,2024-08-28,2024-08-28,2025-08-27,
POL0001030,HOGAR,HOGAR,2023-02-23,2023-03-08,2024-03-07,
POL0001031,SOAT,SOAT,2024-02-28,2024-03-04,2025-03-03,
POL0001032,HOGAR,HOGAR,2024-02-27,2024-03-08,2025-03-07,2024-04-07
POL0001033,VIDA_DEUDORES,VIDA_DEUDORES,2024-09-07,2024-09-08,2029-09-07,
POL0001034,AUTOS,AUTOS_LIVIANOS,2024-01-08,2024-01-09,2025-01-08,
POL0001035,CUMPLIMIENTO,CUMPL_PRIVADO,2024-05-28,2024-06-02,2027-06-01,
POL0001036,HOGAR,HOGAR,2024-11-12,2024-11-23,2025-11-22,
POL0001037,HOGAR,HOGAR,2023-10-06,2023-10-11,2024-10-10,
POL0001038,CUMPLIMIENTO,CUMPL_PRIVADO,2023-03-25,2023-03-27,2024-03-26,2023-04-26
POL0001039,SOAT,SOAT,2024-04-14,2024-04-26,2025-04-25,2024-05-26
POL0001040,SOAT,SOAT,2024-01-27,2024-01-31,2025-01-30,
POL0001041,VIDA_DEUDORES,VIDA_DEUDORES,2024-02-15,2024-02-19,2028-02-18,
POL0001042,AUTOS,AUTOS_PESADOS,2024-02-20,2024-02-29,2025-02-27,2024-03-30
POL0001043,HOGAR,HOGAR,2023-02-06,2023-02-12,2024-02-11,2023-03-14
POL0001044,CUMPLIMIENTO,CUMPL_PRIVADO,2023-08-22,2023-09-02,2024-09-01,2023-10-02
POL0001045,AUTOS,AUTOS_LIVIANOS,2023-05-22,2023-06-04,2024-06-03,
POL0001046,VIDA_DEUDORES,VIDA_DEUDORES,2024-11-18,2024-11-30,2029-11-29,2024-12-30
POL0001047,SOAT,SOAT,2023-06-15,2023-06-21,2024-06-20,
POL0001048,SOAT,SOAT,2024-10-14,2024-10-17,2025-10-16,
POL0001049,VIDA_DEUDORES,VIDA_DEUDORES,2024-12-18,2024-12-30,2029-12-29,
POL0001050,HOGAR,HOGAR,2024-08-09,2024-08-11,2025-08-10,
POL0001051,HOGAR,HOGAR,2024-06-07,2024-06-08,2025-06-07,
POL0001052,CUMPLIMIENTO,CUMPL_PRIVADO,2023-04-18,2023-04-24,2026-04-23,2023-05-24
POL0001053,HOGAR,HOGAR,2024-09-30,2024-10-02,2025-10-01,
POL0001054,AUTOS,AUTOS_LIVIANOS,2024-10-19,2024-10-30,2025-10-29,
POL0001055,VIDA_DEUDORES,VIDA_DEUDORES,2024-11-19,2024-11-20,2028-11-19,
POL0001056,HOGAR,HOGAR,2023-06-17,2023-06-25,2024-06-24,
POL0001057,SOAT,SOAT,2024-04-27,2024-05-11,2025-05-10,2024-06-10
POL0001058,AUTOS,AUTOS_LIVIANOS,2024-05-24,2024-05-30,2025-05-29,
POL0001059,AUTOS,AUTOS_LIVIANOS,2024-10-20,2024-10-31,2025-10-30,
POL0001060,SOAT,SOAT,2024-04-09,2024-04-22,2025-04-21,
POL0001061,AUTOS,AUTOS_PESADOS,2023-09-08,2023-09-14,2024-09-13,
POL0001062,SOAT,SOAT,2023-07-26,2023-08-07,2024-08-06,
POL0001063,HOGAR,HOGAR,2023-08-10,2023-08-13,2024-08-12,
POL0001064,VIDA_DEUDORES,VIDA_DEUDORES,2023-04-10,2023-04-12,2026-04-11,
POL0001065,AUTOS,AUTOS_PESADOS,2024-10-27,2024-11-10,2025-11-09,
POL0001066,HOGAR,HOGAR,2023-02-01,2023-02-08,2024-02-07,
POL0001067,AUTOS,AUTOS_LIVIANOS,2023-08-05,2023-08-20,2024-08-19,
POL0001068,HOGAR,HOGAR,2024-11-24,2024-12-04,2025-12-03,
POL0001069,CUMPLIMIENTO,CUMPL_ESTATAL,2023-10-17,2023-10-28,2025-10-27,
POL0001070,SOAT,SOAT,2024-02-28,2024-03-14,2025-03-13,2024-04-13
POL0001071,CUMPLIMIENTO,CUMPL_PRIVADO,2023-02-14,2023-02-24,2025-02-23,2023-03-26
POL0001072,SOAT,SOAT,2024-03-08,2024-03-13,2025-03-12,2024-04-12
POL0001073,VIDA_DEUDORES,VIDA_DEUDORES,2023-07-11,2023-07-24,2026-07-23,
POL0001074,VIDA_DEUDORES,VIDA_DEUDORES,2024-10-27,2024-11-01,2028-10-31,
POL0001075,VIDA_DEUDORES,VIDA_DEUDORES,2023-04-20,2023-05-05,2027-05-04,
POL0001076,HOGAR,HOGAR,2024-03-27,2024-04-01,2025-03-31,
POL0001077,HOGAR,HOGAR,2024-07-23,2024-07-29,2025-07-28,
POL0001078,AUTOS,AUTOS_PESADOS,2024-08-07,2024-08-22,2025-08-21,
POL0001079,CUMPLIMIENTO,CUMPL_ESTATAL,2024-06-28,2024-07-12,2025-07-11,
POL0001080,HOGAR,HOGAR,2024-09-11,2024-09-19,2025-09-18,
POL0001081,HOGAR,HOGAR,2023-05-01,2023-05-10,2024-05-09,
POL0001082,AUTOS,AUTOS_LIVIANOS,2023-07-07,2023-07-07,2024-07-06,
POL0001083,CUMPLIMIENTO,CUMPL_ESTATAL,2023-01-26,2023-02-08,2025-02-07,
POL0001084,CUMPLIMIENTO,CUMPL_PRIVADO,2023-11-11,2023-11-25,2024-11-24,
POL0001085,SOAT,SOAT,2024-02-29,2024-03-07,2025-03-06,2024-04-06
POL0001086,AUTOS,AUTOS_LIVIANOS,2024-02-18,2024-03-02,2025-03-01,2024-04-01
POL0001087,SOAT,SOAT,2024-10-22,2024-11-06,2025-11-05,2024-12-06
POL0001088,CUMPLIMIENTO,CUMPL_ESTATAL,2023-01-10,2023-01-25,2024-01-24,
POL0001089,SOAT,SOAT,2023-11-05,2023-11-06,2024-11-05,
POL0001090,CUMPLIMIENTO,CUMPL_ESTATAL,2024-11-14,2024-11-22,2025-11-21,2024-12-22
POL0001091,AUTOS,AUTOS_PESADOS,2023-01-04,2023-01-10,2024-01-09,
POL0001092,AUTOS,AUTOS_PESADOS,2023-04-23,2023-05-08,2024-05-07,2023-06-07
POL0001093,AUTOS,AUTOS_LIVIANOS,2023-02-09,2023-02-12,2024-02-11,
POL0001094,CUMPLIMIENTO,CUMPL_PRIVADO,2023-10-20,2023-10-30,2026-10-29,
POL0001095,SOAT,SOAT,2023-03-13,2023-03-22,2024-03-21,2023-04-21
POL0001096,HOGAR,HOGAR,2024-03-03,2024-03-16,2025-03-15,
POL0001097,AUTOS,AUTOS_PESADOS,2023-07-05,2023-07-07,2024-07-06,
POL0001098,SOAT,SOAT,2024-09-11,2024-09-19,2025-09-18,2024-10-19
POL0001099,SOAT,SOAT,2024-01-17,2024-01-29,2025-01-28,
POL0001100,AUTOS,AUTOS_PESADOS,2023-06-04,2023-06-06,2024-06-05,
POL0001101,VIDA_DEUDORES,VIDA_DEUDORES,2024-08-12,2024-08-12,2028-08-11,
POL0001102,SOAT,SOAT,2023-08-26,2023-08-31,2024-08-30,
POL0001103,HOGAR,HOGAR,2024-10-26,2024-11-02,2025-11-01,
POL0001104,CUMPLIMIENTO,CUMPL_ESTATAL,2023-07-05,2023-07-13,2026-07-12,
POL0001105,CUMPLIMIENTO,CUMPL_PRIVADO,2023-06-17,2023-06-24,2024-06-23,
POL0001106,AUTOS,AUTOS_PESADOS,2023-09-20,2023-09-22,2024-09-21,2023-10-22
POL0001107,CUMPLIMIENTO,CUMPL_ESTATAL,2023-02-19,2023-02-27,2024-02-26,
POL0001108,AUTOS,AUTOS_LIVIANOS,2023-12-08,2023-12-16,2024-12-15,2024-01-15
POL0001109,AUTOS,AUTOS_PESADOS,2024-03-09,2024-03-16,2025-03-15,2024-04-15
POL0001110,AUTOS,AUTOS_PESADOS,2023-07-24,2023-08-06,2024-08-05,
POL0001111,CUMPLIMIENTO,CUMPL_ESTATAL,2024-05-03,2024-05-04,2026-05-03,
POL0001112,CUMPLIMIENTO,CUMPL_ESTATAL,2022-12-24,2023-01-03,2024-01-02,
POL0001113,HOGAR,HOGAR,2024-08-19,2024-08-28,2025-08-27,
POL0001114,VIDA_DEUDORES,VIDA_DEUDORES,2024-02-19,2024-02-26,2029-02-25,
POL0001115,VIDA_DEUDORES,VIDA_DEUDORES,2024-09-16,2024-10-01,2027-09-30,
POL0001116,CUMPLIMIENTO,CUMPL_ESTATAL,2024-01-24,2024-01-27,2027-01-26,
POL0001117,SOAT,SOAT,2023-05-06,2023-05-15,2024-05-14,2023-06-14
POL0001118,VIDA_DEUDORES,VIDA_DEUDORES,2024-01-10,2024-01-16,2028-01-15,
POL0001119,AUTOS,AUTOS_PESADOS,2024-09-27,2024-10-10,2025-10-09,
POL0001120,HOGAR,HOGAR,2024-01-15,2024-01-22,2025-01-21,
POL0001121,HOGAR,HOGAR,2023-09-23,2023-09-30,2024-09-29,
POL0001122,VIDA_DEUDORES,VIDA_DEUDORES,2023-01-10,2023-01-24,2028-01-23,
POL0001123,SOAT,SOAT,2024-08-21,2024-08-26,2025-08-25,
POL0001124,AUTOS,AUTOS_PESADOS,2023-06-27,2023-07-01,2024-06-30,
POL0001125,HOGAR,HOGAR,2023-05-23,2023-06-02,2024-06-01,
POL0001126,VIDA_DEUDORES,VIDA_DEUDORES,2024-09-21,2024-09-24,2029-09-23,
POL0001127,VIDA_DEUDORES,VIDA_DEUDORES,2023-02-14,2023-02-18,2028-02-17,
POL0001128,HOGAR,HOGAR,2023-02-19,2023-03-03,2024-03-02,
POL0001129,VIDA_DEUDORES,VIDA_DEUDORES,2023-09-24,2023-09-28,2026-09-27,
POL0001130,VIDA_DEUDORES,VIDA_DEUDORES,2024-03-08,2024-03-13,2027-03-12,2024-04-12
POL0001131,HOGAR,HOGAR,2024-04-05,2024-04-19,2025-04-18,
POL0001132,HOGAR,HOGAR,2024-01-29,2024-02-07,2025-02-06,
POL0001133,SOAT,SOAT,2024-12-05,2024-12-14,2025-12-13,
POL0001134,HOGAR,HOGAR,2024-10-19,2024-10-20,2025-10-19,
POL0001135,SOAT,SOAT,2024-05-16,2024-05-16,2025-05-15,
POL0001136,HOGAR,HOGAR,2023-11-18,2023-12-03,2024-12-02,
POL0001137,VIDA_DEUDORES,VIDA_DEUDORES,2024-05-19,2024-05-21,2029-05-20,
POL0001138,VIDA_DEUDORES,VIDA_DEUDORES,2023-04-26,2023-04-30,2026-04-29,
POL0001139,VIDA_DEUDORES,VIDA_DEUDORES,2023-04-25,2023-05-07,2026-05-06,
POL0001140,SOAT,SOAT,2023-07-08,2023-07-21,2024-07-20,2023-08-20
POL0001141,CUMPLIMIENTO,CUMPL_PRIVADO,2023-12-17,2023-12-29,2024-12-28,2024-01-28
POL0001142,VIDA_DEUDORES,VIDA_DEUDORES,2023-07-04,2023-07-12,2027-07-11,
POL0001143,AUTOS,AUTOS_PESADOS,2023-07-19,2023-07-28,2024-07-27,2023-08-27
POL0001144,CUMPLIMIENTO,CUMPL_PRIVADO,2023-08-05,2023-08-14,2024-08-13,
POL0001145,SOAT,SOAT,2023-08-15,2023-08-27,2024-08-26,2023-09-26
POL0001146,VIDA_DEUDORES,VIDA_DEUDORES,2023-05-01,2023-05-15,2028-05-14,
POL0001147,CUMPLIMIENTO,CUMPL_ESTATAL,2023-09-30,2023-10-03,2025-10-02,
POL0001148,VIDA_DEUDORES,VIDA_DEUDORES,2024-10-07,2024-10-15,2028-10-14,
POL0001149,SOAT,SOAT,2023-06-07,2023-06-16,2024-06-15,2023-07-16
POL0001150,AUTOS,AUTOS_PESADOS,2023-07-13,2023-07-20,2024-07-19,
POL0001151,CUMPLIMIENTO,CUMPL_ESTATAL,2023-03-02,2023-03-08,2024-03-07,
POL0001152,VIDA_DEUDORES,VIDA_DEUDORES,2023-11-01,2023-11-16,2028-11-15,
POL0001153,HOGAR,HOGAR,2024-12-10,2024-12-13,2025-12-12,
POL0001154,HOGAR,HOGAR,2024-01-23,2024-02-03,2025-02-02,
POL0001155,SOAT,SOAT,2023-02-18,2023-03-03,2024-03-02,2023-04-02
POL0001156,SOAT,SOAT,2023-04-25,2023-04-28,2024-04-27,
POL0001157,CUMPLIMIENTO,CUMPL_PRIVADO,2024-05-10,2024-05-11,2027-05-10,
POL0001158,HOGAR,HOGAR,2024-10-31,2024-11-13,2025-11-12,
POL0001159,SOAT,SOAT,2023-03-23,2023-03-25,2024-03-24,
POL0001160,AUTOS,AUTOS_PESADOS,2024-06-10,2024-06-24,2025-06-23,
POL0001161,SOAT,SOAT,2024-04-24,2024-05-03,2025-05-02,
POL0001162,HOGAR,HOGAR,2024-03-12,2024-03-26,2025-03-25,
POL0001163,HOGAR,HOGAR,2023-10-11,2023-10-19,2024-10-18,
POL0001164,HOGAR,HOGAR,2023-01-13,2023-01-27,2024-01-26,2023-02-26
POL0001165,AUTOS,AUTOS_LIVIANOS,2023-03-03,2023-03-16,2024-03-15,
POL0001166,HOGAR,HOGAR,2023-02-11,2023-02-13,2024-02-12,
POL0001167,HOGAR,HOGAR,2024-03-31,2024-04-09,2025-04-08,
POL0001168,AUTOS,AUTOS_LIVIANOS,2024-03-13,2024-03-17,2025-03-16,
POL0001169,CUMPLIMIENTO,CUMPL_PRIVADO,2023-09-30,2023-10-14,2025-10-13,
POL0001170,VIDA_DEUDORES,VIDA_DEUDORES,2023-11-26,2023-12-11,2026-12-10,
POL0001171,CUMPLIMIENTO,CUMPL_PRIVADO,2023-12-05,2023-12-19,2025-12-18,
POL0001172,HOGAR,HOGAR,2024-03-09,2024-03-11,2025-03-10,
POL0001173,HOGAR,HOGAR,2024-10-26,2024-10-26,2025-10-25,
POL0001174,SOAT,SOAT,2023-03-27,2023-04-06,2024-04-05,
POL0001175,CUMPLIMIENTO,CUMPL_ESTATAL,2023-03-14,2023-03-24,2026-03-23,2023-04-23
POL0001176,SOAT,SOAT,2023-01-28,2023-01-29,2024-01-28,
POL0001177,HOGAR,HOGAR,2023-12-05,2023-12-05,2024-12-04,2024-01-04
POL0001178,VIDA_DEUDORES,VIDA_DEUDORES,2024-10-01,2024-10-08,2028-10-07,2024-11-07
POL0001179,VIDA_DEUDORES,VIDA_DEUDORES,2023-04-23,2023-04-25,2027-04-24,
POL0001180,SOAT,SOAT,2024-08-08,2024-08-14,2025-08-13,
POL0001181,HOGAR,HOGAR,2024-10-29,2024-11-02,2025-11-01,
POL0001182,CUMPLIMIENTO,CUMPL_ESTATAL,2024-11-24,2024-11-26,2026-11-25,
POL0001183,SOAT,SOAT,2024-07-11,2024-07-13,2025-07-12,
POL0001184,VIDA_DEUDORES,VIDA_DEUDORES,2024-01-23,2024-01-31,2028-01-30,2024-03-01
POL0001185,SOAT,SOAT,2024-02-19,2024-03-05,2025-03-04,
POL0001186,VIDA_DEUDORES,VIDA_DEUDORES,2024-06-29,2024-07-06,2029-07-05,
POL0001187,AUTOS,AUTOS_PESADOS,2022-12-28,2023-01-01,2023-12-31,2023-01-31
POL0001188,SOAT,SOAT,2023-04-26,2023-05-11,2024-05-10,
POL0001189,VIDA_DEUDORES,VIDA_DEUDORES,2024-04-01,2024-04-09,2029-04-08,2024-05-09
POL0001190,SOAT,SOAT,2024-07-29,2024-08-04,2025-08-03,
POL0001191,AUTOS,AUTOS_PESADOS,2024-10-28,2024-10-31,2025-10-30,
POL0001192,AUTOS,AUTOS_LIVIANOS,2023-04-15,2023-04-19,2024-04-18,
POL0001193,AUTOS,AUTOS_PESADOS,2024-03-19,2024-03-24,2025-03-23,
POL0001194,VIDA_DEUDORES,VIDA_DEUDORES,2023-01-22,2023-01-27,2028-01-26,
POL0001195,HOGAR,HOGAR,2023-04-01,2023-04-12,2024-04-11,
POL0001196,VIDA_DEUDORES,VIDA_DEUDORES,2023-04-30,2023-05-12,2026-05-11,
POL0001197,AUTOS,AUTOS_PESADOS,2023-12-09,2023-12-14,2024-12-13,
POL0001198,CUMPLIMIENTO,CUMPL_ESTATAL,2023-11-21,2023-11-21,2024-11-20,
POL0001199,AUTOS,AUTOS_LIVIANOS,2024-09-22,2024-10-05,2025-10-04,
POL0001200,SOAT,SOAT,2024-11-17,2024-11-29,2025-11-28,
POL0001201,SOAT,SOAT,2024-09-10,2024-09-15,2025-09-14,
POL0001202,AUTOS,AUTOS_LIVIANOS,2024-11-02,2024-11-14,2025-11-13,
POL0001203,SOAT,SOAT,2023-12-09,2023-12-15,2024-12-14,
POL0001204,HOGAR,HOGAR,2024-11-08,2024-11-16,2025-11-15,
POL0001205,CUMPLIMIENTO,CUMPL_PRIVADO,2023-09-12,2023-09-25,2025-09-24,2023-10-25
POL0001206,VIDA_DEUDORES,VIDA_DEUDORES,2024-04-28,2024-05-04,2027-05-03,
POL0001207,CUMPLIMIENTO,CUMPL_ESTATAL,2023-07-26,2023-08-10,2024-08-09,
POL0001208,VIDA_DEUDORES,VIDA_DEUDORES,2023-09-09,2023-09-23,2026-09-22,2023-10-23
POL0001209,HOGAR,HOGAR,2023-04-24,2023-05-02,2024-05-01,
POL0001210,HOGAR,HOGAR,2023-05-03,2023-05-13,2024-05-12,
POL0001211,CUMPLIMIENTO,CUMPL_PRIVADO,2024-01-19,2024-02-02,2027-02-01,2024-03-03
POL0001212,CUMPLIMIENTO,CUMPL_ESTATAL,2023-05-08,2023-05-14,2024-05-13,2023-06-13
POL0001213,SOAT,SOAT,2023-05-07,2023-05-19,2024-05-18,
POL0001214,VIDA_DEUDORES,VIDA_DEUDORES,2023-08-01,2023-08-14,2027-08-13,2023-09-13
POL0001215,CUMPLIMIENTO,CUMPL_ESTATAL,2023-08-28,2023-09-05,2026-09-04,
POL0001216,CUMPLIMIENTO,CUMPL_ESTATAL,2023-10-03,2023-10-10,2025-10-09,
POL0001217,SOAT,SOAT,2024-10-03,2024-10-09,2025-10-08,
POL0001218,CUMPLIMIENTO,CUMPL_ESTATAL,2024-04-13,2024-04-18,2025-04-17,
POL0001219,HOGAR,HOGAR,2023-05-09,2023-05-10,2024-05-09,
POL0001220,HOGAR,HOGAR,2024-07-28,2024-08-11,2025-08-10,2024-09-10
POL0001221,SOAT,SOAT,2023-01-04,2023-01-06,2024-01-05,
POL0001222,VIDA_DEUDORES,VIDA_DEUDORES,2023-10-14,2023-10-23,2027-10-22,
POL0001223,HOGAR,HOGAR,2024-03-26,2024-04-05,2025-04-04,
POL0001224,SOAT,SOAT,2023-09-10,2023-09-25,2024-09-24,
POL0001225,AUTOS,AUTOS_LIVIANOS,2023-08-03,2023-08-06,2024-08-05,
POL0001226,CUMPLIMIENTO,CUMPL_ESTATAL,2024-04-04,2024-04-13,2027-04-12,
POL0001227,VIDA_DEUDORES,VIDA_DEUDORES,2023-01-30,2023-02-10,2028-02-09,
POL0001228,HOGAR,HOGAR,2023-08-08,2023-08-18,2024-08-17,
POL0001229,HOGAR,HOGAR,2024-06-17,2024-06-30,2025-06-29,
POL0001230,SOAT,SOAT,2023-04-29,2023-05-05,2024-05-04,
POL0001231,CUMPLIMIENTO,CUMPL_PRIVADO,2024-08-03,2024-08-04,2025-08-03,
POL0001232,VIDA_DEUDORES,VIDA_DEUDORES,2023-04-29,2023-05-01,2026-04-30,
POL0001233,VIDA_DEUDORES,VIDA_DEUDORES,2023-08-30,2023-09-13,2026-09-12,2023-10-13
POL0001234,AUTOS,AUTOS_LIVIANOS,2023-05-07,2023-05-09,2024-05-08,
POL0001235,CUMPLIMIENTO,CUMPL_PRIVADO,2024-02-13,2024-02-24,2027-02-23,
POL0001236,SOAT,SOAT,2023-10-06,2023-10-20,2024-10-19,
POL0001237,HOGAR,HOGAR,2024-01-17,2024-01-23,2025-01-22,
POL0001238,CUMPLIMIENTO,CUMPL_ESTATAL,2023-08-09,2023-08-18,2025-08-17,
POL0001239,CUMPLIMIENTO,CUMPL_ESTATAL,2023-01-11,2023-01-20,2024-01-19,
POL0001240,CUMPLIMIENTO,CUMPL_PRIVADO,2024-11-07,2024-11-07,2027-11-06,
POL0001241,CUMPLIMIENTO,CUMPL_PRIVADO,2024-01-26,2024-02-05,2027-02-04,
POL0001242,VIDA_DEUDORES,VIDA_DEUDORES,2023-11-10,2023-11-11,2028-11-10,
POL0001243,VIDA_DEUDORES,VIDA_DEUDORES,2024-06-20,2024-07-04,2027-07-03,
POL0001244,HOGAR,HOGAR,2024-07-24,2024-08-01,2025-07-31,2024-08-31
POL0001245,HOGAR,HOGAR,2024-11-09,2024-11-22,2025-11-21,
POL0001246,VIDA_DEUDORES,VIDA_DEUDORES,2023-05-30,2023-06-07,2027-06-06,
POL0001247,VIDA_DEUDORES,VIDA_DEUDORES,2023-06-19,2023-07-03,2027-07-02,
POL0001248,SOAT,SOAT,2023-07-29,2023-08-11,2024-08-10,
POL0001249,CUMPLIMIENTO,CUMPL_ESTATAL,2023-10-03,2023-10-03,2026-10-02,
POL0001250,CUMPLIMIENTO,CUMPL_ESTATAL,2023-01-25,2023-01-30,2026-01-29,2023-03-01
POL0001251,AUTOS,AUTOS_PESADOS,2023-01-19,2023-01-22,2024-01-21,
POL0001252,AUTOS,AUTOS_PESADOS,2024-07-03,2024-07-11,2025-07-10,
POL0001253,AUTOS,AUTOS_PESADOS,2023-08-23,2023-08-29,2024-08-28,2023-09-28
POL0001254,HOGAR,HOGAR,2023-02-22,2023-03-07,2024-03-06,
POL0001255,CUMPLIMIENTO,CUMPL_PRIVADO,2023-11-02,2023-11-09,2024-11-08,
POL0001256,HOGAR,HOGAR,2024-09-13,2024-09-15,2025-09-14,
POL0001257,AUTOS,AUTOS_LIVIANOS,2024-10-17,2024-10-22,2025-10-21,
POL0001258,AUTOS,AUTOS_LIVIANOS,2024-07-24,2024-08-02,2025-08-01,
POL0001259,HOGAR,HOGAR,2024-02-19,2024-03-05,2025-03-04,
POL0001260,AUTOS,AUTOS_LIVIANOS,2023-01-12,2023-01-16,2024-01-15,
POL0001261,HOGAR,HOGAR,2023-12-05,2023-12-11,2024-12-10,2024-01-10
POL0001262,HOGAR,HOGAR,2024-03-27,2024-04-11,2025-04-10,
POL0001263,HOGAR,HOGAR,2024-07-10,2024-07-15,2025-07-14,
POL0001264,VIDA_DEUDORES,VIDA_DEUDORES,2024-01-31,2024-02-05,2028-02-04,
POL0001265,SOAT,SOAT,2024-05-28,2024-06-02,2025-06-01,
POL0001266,VIDA_DEUDORES,VIDA_DEUDORES,2024-06-27,2024-07-06,2028-07-05,2024-08-05
POL0001267,HOGAR,HOGAR,2023-06-03,2023-06-16,2024-06-15,
POL0001268,CUMPLIMIENTO,CUMPL_PRIVADO,2024-08-31,2024-09-04,2027-09-03,
POL0001269,VIDA_DEUDORES,VIDA_DEUDORES,2024-07-02,2024-07-14,2027-07-13,
POL0001270,SOAT,SOAT,2024-07-27,2024-07-27,2025-07-26,
POL0001271,VIDA_DEUDORES,VIDA_DEUDORES,2024-01-20,2024-01-30,2029-01-29,2024-02-29
POL0001272,VIDA_DEUDORES,VIDA_DEUDORES,2023-02-02,2023-02-10,2026-02-09,
POL0001273,CUMPLIMIENTO,CUMPL_PRIVADO,2024-03-30,2024-04-08,2025-04-07,
POL0001274,SOAT,SOAT,2024-08-05,2024-08-18,2025-08-17,
POL0001275,HOGAR,HOGAR,2023-06-07,2023-06-20,2024-06-19,
POL0001276,CUMPLIMIENTO,CUMPL_ESTATAL,2024-04-13,2024-04-23,2027-04-22,
POL0001277,SOAT,SOAT,2024-06-05,2024-06-15,2025-06-14,
POL0001278,AUTOS,AUTOS_PESADOS,2023-05-14,2023-05-20,2024-05-19,
POL0001279,SOAT,SOAT,2024-02-22,2024-02-26,2025-02-25,2024-03-27
POL0001280,SOAT,SOAT,2023-06-08,2023-06-13,2024-06-12,
POL0001281,HOGAR,HOGAR,2024-12-13,2024-12-26,2025-12-25,
POL0001282,SOAT,SOAT,2024-06-30,2024-07-10,2025-07-09,
POL0001283,VIDA_DEUDORES,VIDA_DEUDORES,2024-04-04,2024-04-16,2027-04-15,
POL0001284,VIDA_DEUDORES,VIDA_DEUDORES,2024-10-31,2024-11-06,2027-11-05,
POL0001285,VIDA_DEUDORES,VIDA_DEUDORES,2024-03-14,2024-03-18,2028-03-17,
POL0001286,CUMPLIMIENTO,CUMPL_ESTATAL,2023-12-30,2024-01-14,2027-01-13,
POL0001287,SOAT,SOAT,2023-01-22,2023-01-30,2024-01-29,2023-03-01
POL0001288,HOGAR,HOGAR,2023-11-16,2023-11-29,2024-11-28,2023-12-29
POL0001289,AUTOS,AUTOS_LIVIANOS,2023-06-24,2023-07-05,2024-07-04,2023-08-04
POL0001290,HOGAR,HOGAR,2023-01-27,2023-02-06,2024-02-05,
POL0001291,AUTOS,AUTOS_PESADOS,2024-05-06,2024-05-19,2025-05-18,2024-06-18
POL0001292,SOAT,SOAT,2024-02-06,2024-02-06,2025-02-05,2024-03-07
POL0001293,SOAT,SOAT,2024-05-20,2024-05-31,2025-05-30,
POL0001294,SOAT,SOAT,2024-07-06,2024-07-19,2025-07-18,
POL0001295,HOGAR,HOGAR,2023-07-08,2023-07-22,2024-07-21,
POL0001296,VIDA_DEUDORES,VIDA_DEUDORES,2024-07-10,2024-07-10,2028-07-09,
POL0001297,SOAT,SOAT,2023-12-24,2024-01-07,2025-01-06,2024-02-06
POL0001298,AUTOS,AUTOS_LIVIANOS,2023-03-14,2023-03-23,2024-03-22,
POL0001299,CUMPLIMIENTO,CUMPL_ESTATAL,2024-12-20,2024-12-21,2025-12-20,
POL0001300,VIDA_DEUDORES,VIDA_DEUDORES,2023-10-03,2023-10-06,2026-10-05,
POL0001301,SOAT,SOAT,2024-04-13,2024-04-25,2025-04-24,
POL0001302,VIDA_DEUDORES,VIDA_DEUDORES,2024-08-22,2024-08-26,2028-08-25,
POL0001303,SOAT,SOAT,2024-11-17,2024-11-20,2025-11-19,
POL0001304,AUTOS,AUTOS_LIVIANOS,2024-12-22,2024-12-22,2025-12-21,2025-01-21
POL0001305,VIDA_DEUDORES,VIDA_DEUDORES,2024-09-09,2024-09-13,2027-09-12,
POL0001306,VIDA_DEUDORES,VIDA_DEUDORES,2024-07-26,2024-08-09,2028-08-08,
POL0001307,HOGAR,HOGAR,2024-05-31,2024-06-04,2025-06-03,2024-07-04
POL0001308,HOGAR,HOGAR,2024-07-20,2024-07-23,2025-07-22,
POL0001309,CUMPLIMIENTO,CUMPL_PRIVADO,2024-03-16,2024-03-21,2025-03-20,
POL0001310,AUTOS,AUTOS_PESADOS,2024-01-17,2024-01-24,2025-01-23,
POL0001311,VIDA_DEUDORES,VIDA_DEUDORES,2024-12-03,2024-12-03,2027-12-02,
POL0001312,HOGAR,HOGAR,2024-12-01,2024-12-08,2025-12-07,
POL0001313,VIDA_DEUDORES,VIDA_DEUDORES,2023-02-24,2023-03-08,2027-03-07,
POL0001314,VIDA_DEUDORES,VIDA_DEUDORES,2023-07-08,2023-07-20,2028-07-19,
POL0001315,VIDA_DEUDORES,VIDA_DEUDORES,2023-02-09,2023-02-18,2027-02-17,
POL0001316,AUTOS,AUTOS_LIVIANOS,2024-05-22,2024-06-06,2025-06-05,
POL0001317,SOAT,SOAT,2024-02-06,2024-02-15,2025-02-14,
POL0001318,CUMPLIMIENTO,CUMPL_PRIVADO,2024-09-15,2024-09-16,2027-09-15,2024-10-16
POL0001319,HOGAR,HOGAR,2024-08-02,2024-08-03,2025-08-02,
POL0001320,CUMPLIMIENTO,CUMPL_PRIVADO,2023-06-17,2023-06-24,2026-06-23,
POL0001321,CUMPLIMIENTO,CUMPL_PRIVADO,2023-07-18,2023-07-31,2025-07-30,
POL0001322,HOGAR,HOGAR,2023-04-12,2023-04-14,2024-04-13,
POL0001323,HOGAR,HOGAR,2023-10-17,2023-10-22,2024-10-21,
POL0001324,VIDA_DEUDORES,VIDA_DEUDORES,2023-11-27,2023-12-12,2027-12-11,
POL0001325,VIDA_DEUDORES,VIDA_DEUDORES,2023-08-26,2023-09-02,2027-09-01,2023-10-02
POL0001326,VIDA_DEUDORES,VIDA_DEUDORES,2023-12-03,2023-12-10,2027-12-09,
POL0001327,SOAT,SOAT,2023-07-15,2023-07-23,2024-07-22,
POL0001328,HOGAR,HOGAR,2023-06-28,2023-06-28,2024-06-27,
POL0001329,AUTOS,AUTOS_LIVIANOS,2023-08-26,2023-08-26,2024-08-25,2023-09-25
POL0001330,AUTOS,AUTOS_PESADOS,2022-12-26,2023-01-10,2024-01-09,
POL0001331,SOAT,SOAT,2024-07-28,2024-08-07,2025-08-06,2024-09-06
POL0001332,SOAT,SOAT,2024-06-02,2024-06-09,2025-06-08,
POL0001333,CUMPLIMIENTO,CUMPL_ESTATAL,2023-10-20,2023-10-24,2024-10-23,
POL0001334,SOAT,SOAT,2023-05-25,2023-06-02,2024-06-01,
POL0001335,HOGAR,HOGAR,2023-12-07,2023-12-08,2024-12-07,2024-01-07
POL0001336,HOGAR,HOGAR,2023-09-13,2023-09-14,2024-09-13,2023-10-14
POL0001337,HOGAR,HOGAR,2023-03-16,2023-03-23,2024-03-22,2023-04-22
POL0001338,SOAT,SOAT,2023-03-13,2023-03-16,2024-03-15,
POL0001339,AUTOS,AUTOS_LIVIANOS,2023-05-01,2023-05-02,2024-05-01,
POL0001340,AUTOS,AUTOS_LIVIANOS,2024-09-20,2024-09-24,2025-09-23,
POL0001341,VIDA_DEUDORES,VIDA_DEUDORES,2024-06-27,2024-06-28,2029-06-27,
POL0001342,SOAT,SOAT,2024-03-11,2024-03-15,2025-03-14,
POL0001343,HOGAR,HOGAR,2023-01-28,2023-02-11,2024-02-10,
POL0001344,CUMPLIMIENTO,CUMPL_ESTATAL,2024-08-13,2024-08-27,2027-08-26,
POL0001345,CUMPLIMIENTO,CUMPL_PRIVADO,2023-11-12,2023-11-21,2024-11-20,2023-12-21
POL0001346,CUMPLIMIENTO,CUMPL_PRIVADO,2024-09-20,2024-09-25,2025-09-24,
POL0001347,SOAT,SOAT,2024-12-02,2024-12-10,2025-12-09,2025-01-09
POL0001348,CUMPLIMIENTO,CUMPL_ESTATAL,2023-07-20,2023-08-01,2026-07-31,
POL0001349,HOGAR,HOGAR,2023-02-25,2023-03-11,2024-03-10,
POL0001350,SOAT,SOAT,2023-10-05,2023-10-10,2024-10-09,
POL0001351,VIDA_DEUDORES,VIDA_DEUDORES,2023-06-04,2023-06-17,2027-06-16,2023-07-17
POL0001352,CUMPLIMIENTO,CUMPL_ESTATAL,2023-10-02,2023-10-06,2025-10-05,2023-11-05
POL0001353,AUTOS,AUTOS_LIVIANOS,2023-04-26,2023-05-10,2024-05-09,
POL0001354,CUMPLIMIENTO,CUMPL_ESTATAL,2023-08-25,2023-09-07,2025-09-06,
POL0001355,HOGAR,HOGAR,2023-04-01,2023-04-06,2024-04-05,
POL0001356,SOAT,SOAT,2024-02-02,2024-02-03,2025-02-02,
POL0001357,VIDA_DEUDORES,VIDA_DEUDORES,2024-01-25,2024-01-25,2029-01-24,
POL0001358,VIDA_DEUDORES,VIDA_DEUDORES,2023-08-31,2023-09-06,2026-09-05,
POL0001359,CUMPLIMIENTO,CUMPL_ESTATAL,2023-09-01,2023-09-13,2024-09-12,
POL0001360,AUTOS,AUTOS_LIVIANOS,2024-08-23,2024-09-03,2025-09-02,
POL0001361,VIDA_DEUDORES,VIDA_DEUDORES,2024-01-25,2024-02-09,2028-02-08,2024-03-10
POL0001362,AUTOS,AUTOS_LIVIANOS,2024-01-15,2024-01-26,2025-01-25,
POL0001363,CUMPLIMIENTO,CUMPL_PRIVADO,2024-09-01,2024-09-08,2027-09-07,2024-10-08
POL0001364,CUMPLIMIENTO,CUMPL_ESTATAL,2024-08-06,2024-08-12,2027-08-11,
POL0001365,CUMPLIMIENTO,CUMPL_PRIVADO,2024-08-21,2024-08-24,2026-08-23,
POL0001366,HOGAR,HOGAR,2023-09-16,2023-10-01,2024-09-30,
POL0001367,VIDA_DEUDORES,VIDA_DEUDORES,2024-07-05,2024-07-05,2027-07-04,
POL0001368,CUMPLIMIENTO,CUMPL_PRIVADO,2023-03-26,2023-03-26,2024-03-25,
POL0001369,AUTOS,AUTOS_PESADOS,2023-11-03,2023-11-13,2024-11-12,
POL0001370,HOGAR,HOGAR,2023-08-29,2023-09-01,2024-08-31,2023-10-01
POL0001371,CUMPLIMIENTO,CUMPL_PRIVADO,2023-01-02,2023-01-12,2026-01-11,2023-02-11
POL0001372,CUMPLIMIENTO,CUMPL_PRIVADO,2023-01-22,2023-01-25,2024-01-24,
POL0001373,HOGAR,HOGAR,2024-12-12,2024-12-27,2025-12-26,
POL0001374,CUMPLIMIENTO,CUMPL_PRIVADO,2024-12-14,2024-12-26,2026-12-25,
POL0001375,AUTOS,AUTOS_LIVIANOS,2024-04-15,2024-04-23,2025-04-22,2024-05-23
POL0001376,CUMPLIMIENTO,CUMPL_ESTATAL,2023-06-12,2023-06-14,2025-06-13,
POL0001377,SOAT,SOAT,2023-02-12,2023-02-16,2024-02-15,
POL0001378,AUTOS,AUTOS_PESADOS,2023-01-29,2023-02-07,2024-02-06,2023-03-09
POL0001379,HOGAR,HOGAR,2023-03-05,2023-03-13,2024-03-12,
POL0001380,AUTOS,AUTOS_LIVIANOS,2024-02-21,2024-02-22,2025-02-21,
POL0001381,VIDA_DEUDORES,VIDA_DEUDORES,2024-06-05,2024-06-16,2027-06-15,
POL0001382,SOAT,SOAT,2024-07-16,2024-07-19,2025-07-18,
POL0001383,SOAT,SOAT,2023-05-22,2023-06-04,2024-06-03,
POL0001384,CUMPLIMIENTO,CUMPL_ESTATAL,2023-03-06,2023-03-13,2024-03-12,
POL0001385,CUMPLIMIENTO,CUMPL_ESTATAL,2024-08-08,2024-08-17,2027-08-16,2024-09-16
POL0001386,AUTOS,AUTOS_LIVIANOS,2023-05-25,2023-06-04,2024-06-03,2023-07-04
POL0001387,HOGAR,HOGAR,2023-12-15,2023-12-25,2024-12-24,
POL0001388,SOAT,SOAT,2023-10-27,2023-10-27,2024-10-26,
POL0001389,CUMPLIMIENTO,CUMPL_ESTATAL,2023-02-12,2023-02-14,2024-02-13,2023-03-16
POL0001390,HOGAR,HOGAR,2024-05-24,2024-06-07,2025-06-06,2024-07-07
POL0001391,CUMPLIMIENTO,CUMPL_ESTATAL,2023-08-13,2023-08-24,2024-08-23,2023-09-23
POL0001392,CUMPLIMIENTO,CUMPL_ESTATAL,2024-10-09,2024-10-19,2027-10-18,
POL0001393,VIDA_DEUDORES,VIDA_DEUDORES,2023-11-06,2023-11-16,2028-11-15,
POL0001394,SOAT,SOAT,2023-03-03,2023-03-07,2024-03-06,
POL0001395,SOAT,SOAT,2024-11-12,2024-11-14,2025-11-13,
POL0001396,AUTOS,AUTOS_PESADOS,2023-01-13,2023-01-17,2024-01-16,
POL0001397,CUMPLIMIENTO,CUMPL_PRIVADO,2023-02-26,2023-02-26,2025-02-25,
POL0001398,HOGAR,HOGAR,2023-04-21,2023-05-04,2024-05-03,
POL0001399,HOGAR,HOGAR,2023-04-01,2023-04-03,2024-04-02,
POL0001400,AUTOS,AUTOS_PESADOS,2024-05-21,2024-05-24,2025-05-23,2024-06-23
POL0001401,AUTOS,AUTOS_PESADOS,2024-05-28,2024-05-30,2025-05-29,
POL0001402,VIDA_DEUDORES,VIDA_DEUDORES,2023-08-15,2023-08-19,2027-08-18,2023-09-18
POL0001403,SOAT,SOAT,2023-01-29,2023-02-03,2024-02-02,
POL0001404,AUTOS,AUTOS_LIVIANOS,2024-12-03,2024-12-14,2025-12-13,
POL0001405,SOAT,SOAT,2023-02-16,2023-02-23,2024-02-22,
POL0001406,VIDA_DEUDORES,VIDA_DEUDORES,2023-10-04,2023-10-07,2027-10-06,
POL0001407,VIDA_DEUDORES,VIDA_DEUDORES,2023-10-09,2023-10-20,2026-10-19,
POL0001408,VIDA_DEUDORES,VIDA_DEUDORES,2023-04-19,2023-04-20,2026-04-19,
POL0001409,AUTOS,AUTOS_PESADOS,2023-09-04,2023-09-06,2024-09-05,
POL0001410,CUMPLIMIENTO,CUMPL_PRIVADO,2023-09-27,2023-09-27,2025-09-26,
POL0001411,SOAT,SOAT,2023-01-05,2023-01-20,2024-01-19,
POL0001412,HOGAR,HOGAR,2023-06-30,2023-07-08,2024-07-07,
POL0001413,VIDA_DEUDORES,VIDA_DEUDORES,2024-01-26,2024-02-10,2028-02-09,
POL0001414,CUMPLIMIENTO,CUMPL_ESTATAL,2022-12-28,2023-01-11,2026-01-10,
POL0001415,HOGAR,HOGAR,2023-05-17,2023-05-24,2024-05-23,
POL0001416,SOAT,SOAT,2024-03-24,2024-03-27,2025-03-26,
POL0001417,CUMPLIMIENTO,CUMPL_ESTATAL,2024-09-18,2024-09-25,2026-09-24,
POL0001418,SOAT,SOAT,2024-12-18,2024-12-22,2025-12-21,
POL0001419,SOAT,SOAT,2024-07-18,2024-07-26,2025-07-25,
POL0001420,VIDA_DEUDORES,VIDA_DEUDORES,2023-08-26,2023-08-27,2026-08-26,2023-09-26
POL0001421,HOGAR,HOGAR,2023-05-18,2023-05-18,2024-05-17,
POL0001422,SOAT,SOAT,2023-08-17,2023-08-31,2024-08-30,
POL0001423,VIDA_DEUDORES,VIDA_DEUDORES,2023-11-12,2023-11-13,2027-11-12,
POL0001424,VIDA_DEUDORES,VIDA_DEUDORES,2024-02-24,2024-03-05,2027-03-04,
POL0001425,SOAT,SOAT,2023-09-27,2023-10-07,2024-10-06,
POL0001426,VIDA_DEUDORES,VIDA_DEUDORES,2022-12-28,2023-01-11,2027-01-10,
POL0001427,HOGAR,HOGAR,2024-01-12,2024-01-15,2025-01-14,
POL0001428,SOAT,SOAT,2023-12-20,2023-12-30,2024-12-29,
POL0001429,HOGAR,HOGAR,2024-12-15,2024-12-16,2025-12-15,
POL0001430,CUMPLIMIENTO,CUMPL_PRIVADO,2024-05-11,2024-05-26,2027-05-25,
POL0001431,CUMPLIMIENTO,CUMPL_PRIVADO,2023-08-03,2023-08-10,2025-08-09,
POL0001432,AUTOS,AUTOS_PESADOS,2023-12-26,2024-01-08,2025-01-07,
POL0001433,HOGAR,HOGAR,2023-10-13,2023-10-16,2024-10-15,
POL0001434,HOGAR,HOGAR,2024-08-07,2024-08-21,2025-08-20,
POL0001435,AUTOS,AUTOS_LIVIANOS,2023-02-11,2023-02-25,2024-02-24,
POL0001436,SOAT,SOAT,2024-06-30,2024-07-03,2025-07-02,
POL0001437,HOGAR,HOGAR,2023-02-07,2023-02-08,2024-02-07,2023-03-10
POL0001438,AUTOS,AUTOS_PESADOS,2024-11-29,2024-12-02,2025-12-01,
POL0001439,CUMPLIMIENTO,CUMPL_ESTATAL,2024-05-16,2024-05-18,2025-05-17,
POL0001440,HOGAR,HOGAR,2023-12-09,2023-12-12,2024-12-11,
POL0001441,VIDA_DEUDORES,VIDA_DEUDORES,2024-09-16,2024-09-30,2028-09-29,
POL0001442,SOAT,SOAT,2024-03-01,2024-03-12,2025-03-11,
POL0001443,AUTOS,AUTOS_LIVIANOS,2023-06-12,2023-06-20,2024-06-19,
POL0001444,SOAT,SOAT,2024-11-20,2024-11-26,2025-11-25,
POL0001445,CUMPLIMIENTO,CUMPL_ESTATAL,2023-10-21,2023-10-31,2026-10-30,
POL0001446,HOGAR,HOGAR,2024-05-02,2024-05-07,2025-05-06,
POL0001447,CUMPLIMIENTO,CUMPL_PRIVADO,2024-08-13,2024-08-24,2026-08-23,
POL0001448,CUMPLIMIENTO,CUMPL_ESTATAL,2023-05-19,2023-05-24,2025-05-23,
POL0001449,AUTOS,AUTOS_LIVIANOS,2023-04-03,2023-04-11,2024-04-10,
POL0001450,AUTOS,AUTOS_PESADOS,2024-03-06,2024-03-11,2025-03-10,
POL0001451,CUMPLIMIENTO,CUMPL_ESTATAL,2023-02-18,2023-03-05,2025-03-04,
POL0001452,HOGAR,HOGAR,2024-03-27,2024-03-30,2025-03-29,
POL0001453,VIDA_DEUDORES,VIDA_DEUDORES,2024-02-16,2024-02-24,2028-02-23,
POL0001454,HOGAR,HOGAR,2023-01-12,2023-01-15,2024-01-14,
POL0001455,SOAT,SOAT,2023-05-11,2023-05-21,2024-05-20,
POL0001456,HOGAR,HOGAR,2024-08-11,2024-08-18,2025-08-17,
POL0001457,VIDA_DEUDORES,VIDA_DEUDORES,2024-07-02,2024-07-11,2028-07-10,
POL0001458,SOAT,SOAT,2024-12-18,2024-12-28,2025-12-27,
POL0001459,SOAT,SOAT,2023-07-24,2023-08-07,2024-08-06,
POL0001460,HOGAR,HOGAR,2023-02-16,2023-03-03,2024-03-02,
POL0001461,VIDA_DEUDORES,VIDA_DEUDORES,2023-09-22,2023-09-24,2028-09-23,
POL0001462,SOAT,SOAT,2024-04-09,2024-04-10,2025-04-09,
POL0001463,AUTOS,AUTOS_PESADOS,2023-11-26,2023-11-29,2024-11-28,
POL0001464,AUTOS,AUTOS_LIVIANOS,2023-09-02,2023-09-16,2024-09-15,
POL0001465,HOGAR,HOGAR,2023-03-31,2023-04-13,2024-04-12,2023-05-13
POL0001466,SOAT,SOAT,2023-03-14,2023-03-22,2024-03-21,
POL0001467,HOGAR,HOGAR,2024-11-13,2024-11-15,2025-11-14,
POL0001468,AUTOS,AUTOS_LIVIANOS,2023-01-30,2023-02-12,2024-02-11,
POL0001469,AUTOS,AUTOS_PESADOS,2023-05-02,2023-05-13,2024-05-12,
POL0001470,SOAT,SOAT,2023-09-08,2023-09-20,2024-09-19,
POL0001471,VIDA_DEUDORES,VIDA_DEUDORES,2024-06-26,2024-07-07,2027-07-06,
POL0001472,CUMPLIMIENTO,CUMPL_PRIVADO,2024-01-12,2024-01-18,2025-01-17,
POL0001473,SOAT,SOAT,2023-06-05,2023-06-16,2024-06-15,
POL0001474,CUMPLIMIENTO,CUMPL_ESTATAL,2024-06-24,2024-06-29,2025-06-28,
POL0001475,HOGAR,HOGAR,2024-01-17,2024-01-27,2025-01-26,
POL0001476,SOAT,SOAT,2024-12-15,2024-12-25,2025-12-24,
POL0001477,AUTOS,AUTOS_LIVIANOS,2024-07-03,2024-07-17,2025-07-16,
POL0001478,HOGAR,HOGAR,2023-12-02,2023-12-03,2024-12-02,
POL0001479,SOAT,SOAT,2024-03-12,2024-03-16,2025-03-15,2024-04-15
POL0001480,AUTOS,AUTOS_PESADOS,2024-08-22,2024-08-28,2025-08-27,
POL0001481,SOAT,SOAT,2024-02-25,2024-03-03,2025-03-02,2024-04-02
POL0001482,SOAT,SOAT,2024-12-06,2024-12-10,2025-12-09,2025-01-09
POL0001483,HOGAR,HOGAR,2024-09-23,2024-10-04,2025-10-03,
POL0001484,HOGAR,HOGAR,2024-01-31,2024-02-02,2025-02-01,
POL0001485,SOAT,SOAT,2024-05-20,2024-05-23,2025-05-22,
POL0001486,SOAT,SOAT,2024-08-03,2024-08-08,2025-08-07,
POL0001487,SOAT,SOAT,2023-07-30,2023-07-30,2024-07-29,2023-08-29
POL0001488,VIDA_DEUDORES,VIDA_DEUDORES,2023-07-02,2023-07-05,2027-07-04,
POL0001489,AUTOS,AUTOS_LIVIANOS,2023-10-06,2023-10-16,2024-10-15,2023-11-15
POL0001490,CUMPLIMIENTO,CUMPL_ESTATAL,2023-08-29,2023-09-05,2026-09-04,
POL0001491,CUMPLIMIENTO,CUMPL_ESTATAL,2023-09-17,2023-10-01,2025-09-30,
POL0001492,CUMPLIMIENTO,CUMPL_PRIVADO,2023-04-10,2023-04-20,2026-04-19,
POL0001493,VIDA_DEUDORES,VIDA_DEUDORES,2023-11-15,2023-11-22,2028-11-21,
POL0001494,CUMPLIMIENTO,CUMPL_ESTATAL,2024-03-28,2024-04-06,2026-04-05,
POL0001495,VIDA_DEUDORES,VIDA_DEUDORES,2023-06-04,2023-06-16,2027-06-15,
POL0001496,CUMPLIMIENTO,CUMPL_ESTATAL,2024-05-09,2024-05-12,2025-05-11,
POL0001497,HOGAR,HOGAR,2024-09-14,2024-09-22,2025-09-21,2024-10-22
POL0001498,AUTOS,AUTOS_LIVIANOS,2024-06-26,2024-07-04,2025-07-03,
POL0001499,SOAT,SOAT,2023-03-03,2023-03-03,2024-03-02,
POL0001500,VIDA_DEUDORES,VIDA_DEUDORES,2024-03-02,2024-03-11,2028-03-10,
POL0001501,VIDA_DEUDORES,VIDA_DEUDORES,2024-03-21,2024-03-27,2029-03-26,
POL0001502,HOGAR,HOGAR,2023-06-05,2023-06-06,2024-06-05,
POL0001503,VIDA_DEUDORES,VIDA_DEUDORES,2024-10-14,2024-10-22,2028-10-21,
POL0001504,HOGAR,HOGAR,2024-11-18,2024-11-28,2025-11-27,
POL0001505,HOGAR,HOGAR,2023-06-22,2023-07-05,2024-07-04,
POL0001506,AUTOS,AUTOS_PESADOS,2023-01-14,2023-01-29,2024-01-28,
POL0001507,SOAT,SOAT,2024-07-24,2024-08-06,2025-08-05,2024-09-05
POL0001508,AUTOS,AUTOS_PESADOS,2024-05-09,2024-05-21,2025-05-20,2024-06-20
POL0001509,VIDA_DEUDORES,VIDA_DEUDORES,2024-11-06,2024-11-07,2029-11-06,2024-12-07
POL0001510,CUMPLIMIENTO,CUMPL_ESTATAL,2023-04-17,2023-04-18,2026-04-17,
POL0001511,SOAT,SOAT,2023-09-18,2023-10-02,2024-10-01,
POL0001512,HOGAR,HOGAR,2024-05-05,2024-05-18,2025-05-17,
POL0001513,AUTOS,AUTOS_PESADOS,2024-06-13,2024-06-25,2025-06-24,
POL0001514,HOGAR,HOGAR,2024-02-15,2024-02-15,2025-02-14,
POL0001515,HOGAR,HOGAR,2024-05-16,2024-05-21,2025-05-20,
POL0001516,HOGAR,HOGAR,2024-01-08,2024-01-20,2025-01-19,2024-02-19
POL0001517,SOAT,SOAT,2023-11-22,2023-12-04,2024-12-03,2024-01-03
POL0001518,CUMPLIMIENTO,CUMPL_ESTATAL,2024-11-28,2024-12-10,2026-12-09,
POL0001519,SOAT,SOAT,2024-08-22,2024-08-23,2025-08-22,
POL0001520,CUMPLIMIENTO,CUMPL_PRIVADO,2023-07-25,2023-08-02,2025-08-01,2023-09-01
POL0001521,AUTOS,AUTOS_LIVIANOS,2023-05-19,2023-05-22,2024-05-21,2023-06-21
POL0001522,CUMPLIMIENTO,CUMPL_PRIVADO,2024-10-04,2024-10-05,2027-10-04,
POL0001523,AUTOS,AUTOS_LIVIANOS,2023-09-15,2023-09-26,2024-09-25,
POL0001524,HOGAR,HOGAR,2024-06-19,2024-06-21,2025-06-20,
POL0001525,AUTOS,AUTOS_LIVIANOS,2024-08-17,2024-08-26,2025-08-25,
POL0001526,SOAT,SOAT,2024-01-13,2024-01-28,2025-01-27,
POL0001527,CUMPLIMIENTO,CUMPL_PRIVADO,2023-01-07,2023-01-07,2024-01-06,
POL0001528,SOAT,SOAT,2024-01-08,2024-01-15,2025-01-14,
POL0001529,SOAT,SOAT,2024-11-06,2024-11-12,2025-11-11,
POL0001530,HOGAR,HOGAR,2024-11-19,2024-11-25,2025-11-24,
POL0001531,CUMPLIMIENTO,CUMPL_ESTATAL,2023-10-30,2023-11-06,2024-11-05,
POL0001532,CUMPLIMIENTO,CUMPL_PRIVADO,2023-04-20,2023-04-27,2024-04-26,2023-05-27
POL0001533,SOAT,SOAT,2023-06-17,2023-07-01,2024-06-30,2023-07-31
POL0001534,AUTOS,AUTOS_LIVIANOS,2024-11-06,2024-11-12,2025-11-11,2024-12-12
POL0001535,SOAT,SOAT,2024-12-10,2024-12-23,2025-12-22,
POL0001536,SOAT,SOAT,2024-09-01,2024-09-01,2025-08-31,
POL0001537,SOAT,SOAT,2023-04-28,2023-05-04,2024-05-03,
POL0001538,AUTOS,AUTOS_LIVIANOS,2024-06-26,2024-07-03,2025-07-02,
POL0001539,CUMPLIMIENTO,CUMPL_PRIVADO,2024-07-30,2024-08-09,2027-08-08,
POL0001540,SOAT,SOAT,2023-05-18,2023-06-01,2024-05-31,2023-07-01
POL0001541,VIDA_DEUDORES,VIDA_DEUDORES,2023-01-08,2023-01-22,2026-01-21,
POL0001542,AUTOS,AUTOS_PESADOS,2023-12-13,2023-12-14,2024-12-13,
POL0001543,SOAT,SOAT,2024-07-20,2024-07-22,2025-07-21,
POL0001544,AUTOS,AUTOS_PESADOS,2024-06-14,2024-06-16,2025-06-15,
POL0001545,CUMPLIMIENTO,CUMPL_ESTATAL,2023-02-16,2023-03-03,2025-03-02,
POL0001546,HOGAR,HOGAR,2024-06-01,2024-06-07,2025-06-06,
POL0001547,SOAT,SOAT,2023-11-20,2023-12-02,2024-12-01,
POL0001548,CUMPLIMIENTO,CUMPL_ESTATAL,2024-07-24,2024-07-26,2027-07-25,
POL0001549,SOAT,SOAT,2023-07-06,2023-07-07,2024-07-06,
POL0001550,CUMPLIMIENTO,CUMPL_ESTATAL,2024-09-16,2024-09-22,2026-09-21,
POL0001551,HOGAR,HOGAR,2023-09-23,2023-09-28,2024-09-27,
POL0001552,SOAT,SOAT,2023-04-20,2023-04-29,2024-04-28,
POL0001553,VIDA_DEUDORES,VIDA_DEUDORES,2024-02-02,2024-02-16,2027-02-15,
POL0001554,HOGAR,HOGAR,2024-05-24,2024-05-24,2025-05-23,
POL0001555,CUMPLIMIENTO,CUMPL_ESTATAL,2024-07-05,2024-07-19,2027-07-18,2024-08-18
POL0001556,VIDA_DEUDORES,VIDA_DEUDORES,2024-11-08,2024-11-11,2029-11-10,
POL0001557,VIDA_DEUDORES,VIDA_DEUDORES,2024-10-27,2024-11-04,2029-11-03,
POL0001558,AUTOS,AUTOS_PESADOS,2024-04-08,2024-04-20,2025-04-19,2024-05-20
POL0001559,SOAT,SOAT,2024-06-18,2024-06-25,2025-06-24,
POL0001560,CUMPLIMIENTO,CUMPL_ESTATAL,2024-06-17,2024-07-01,2025-06-30,
POL0001561,AUTOS,AUTOS_PESADOS,2024-03-28,2024-03-31,2025-03-30,
POL0001562,VIDA_DEUDORES,VIDA_DEUDORES,2024-09-06,2024-09-13,2029-09-12,2024-10-13
POL0001563,SOAT,SOAT,2024-06-19,2024-07-02,2025-07-01,
POL0001564,VIDA_DEUDORES,VIDA_DEUDORES,2023-01-03,2023-01-07,2027-01-06,2023-02-06
POL0001565,SOAT,SOAT,2024-10-02,2024-10-09,2025-10-08,
POL0001566,CUMPLIMIENTO,CUMPL_PRIVADO,2024-03-12,2024-03-26,2027-03-25,2024-04-25
POL0001567,VIDA_DEUDORES,VIDA_DEUDORES,2023-03-02,2023-03-06,2026-03-05,
POL0001568,VIDA_DEUDORES,VIDA_DEUDORES,2023-06-13,2023-06-22,2026-06-21,
POL0001569,SOAT,SOAT,2023-10-10,2023-10-22,2024-10-21,
POL0001570,AUTOS,AUTOS_PESADOS,2024-03-06,2024-03-10,2025-03-09,
POL0001571,AUTOS,AUTOS_PESADOS,2024-01-05,2024-01-08,2025-01-07,
POL0001572,VIDA_DEUDORES,VIDA_DEUDORES,2024-08-03,2024-08-08,2028-08-07,
POL0001573,CUMPLIMIENTO,CUMPL_ESTATAL,2024-10-10,2024-10-15,2025-10-14,2024-11-14
POL0001574,HOGAR,HOGAR,2023-02-18,2023-02-19,2024-02-18,2023-03-21
POL0001575,SOAT,SOAT,2023-01-17,2023-01-30,2024-01-29,
POL0001576,CUMPLIMIENTO,CUMPL_PRIVADO,2024-06-30,2024-07-09,2025-07-08,2024-08-08
POL0001577,AUTOS,AUTOS_LIVIANOS,2024-03-02,2024-03-16,2025-03-15,
POL0001578,AUTOS,AUTOS_PESADOS,2023-04-06,2023-04-21,2024-04-20,2023-05-21
POL0001579,CUMPLIMIENTO,CUMPL_PRIVADO,2024-01-03,2024-01-15,2025-01-14,2024-02-14
POL0001580,AUTOS,AUTOS_LIVIANOS,2024-02-17,2024-02-29,2025-02-27,
POL0001581,SOAT,SOAT,2023-01-28,2023-02-12,2024-02-11,
POL0001582,SOAT,SOAT,2024-05-06,2024-05-09,2025-05-08,
POL0001583,VIDA_DEUDORES,VIDA_DEUDORES,2023-11-10,2023-11-18,2028-11-17,
POL0001584,AUTOS,AUTOS_PESADOS,2024-06-05,2024-06-20,2025-06-19,2024-07-20
POL0001585,VIDA_DEUDORES,VIDA_DEUDORES,2024-03-10,2024-03-21,2028-03-20,
POL0001586,SOAT,SOAT,2023-08-03,2023-08-05,2024-08-04,
POL0001587,AUTOS,AUTOS_LIVIANOS,2023-03-21,2023-03-22,2024-03-21,2023-04-21
POL0001588,CUMPLIMIENTO,CUMPL_PRIVADO,2023-02-14,2023-02-21,2024-02-20,
POL0001589,SOAT,SOAT,2024-10-18,2024-10-25,2025-10-24,2024-11-24
POL0001590,CUMPLIMIENTO,CUMPL_PRIVADO,2024-06-12,2024-06-27,2025-06-26,
POL0001591,VIDA_DEUDORES,VIDA_DEUDORES,2024-08-06,2024-08-20,2028-08-19,
POL0001592,CUMPLIMIENTO,CUMPL_PRIVADO,2024-09-21,2024-09-23,2025-09-22,2024-10-23
POL0001593,SOAT,SOAT,2023-12-21,2024-01-02,2025-01-01,
POL0001594,AUTOS,AUTOS_PESADOS,2024-08-07,2024-08-17,2025-08-16,
POL0001595,VIDA_DEUDORES,VIDA_DEUDORES,2023-05-28,2023-06-12,2027-06-11,
POL0001596,CUMPLIMIENTO,CUMPL_ESTATAL,2024-05-27,2024-06-01,2027-05-31,
POL0001597,CUMPLIMIENTO,CUMPL_PRIVADO,2023-06-16,2023-06-16,2026-06-15,
POL0001598,CUMPLIMIENTO,CUMPL_ESTATAL,2024-03-18,2024-03-24,2027-03-23,
POL0001599,CUMPLIMIENTO,CUMPL_ESTATAL,2024-10-22,2024-11-06,2026-11-05,2024-12-06
POL0001600,CUMPLIMIENTO,CUMPL_PRIVADO,2023-12-19,2023-12-22,2026-12-21,
POL0001601,VIDA_DEUDORES,VIDA_DEUDORES,2024-05-03,2024-05-12,2029-05-11,
POL0001602,HOGAR,HOGAR,2023-12-18,2023-12-31,2024-12-30,
POL0001603,CUMPLIMIENTO,CUMPL_ESTATAL,2024-04-11,2024-04-16,2027-04-15,2024-05-16
POL0001604,SOAT,SOAT,2024-04-03,2024-04-16,2025-04-15,
POL0001605,CUMPLIMIENTO,CUMPL_ESTATAL,2024-06-25,2024-07-02,2025-07-01,
POL0001606,SOAT,SOAT,2023-11-12,2023-11-13,2024-11-12,
POL0001607,VIDA_DEUDORES,VIDA_DEUDORES,2024-12-10,2024-12-18,2029-12-17,2025-01-17
POL0001608,HOGAR,HOGAR,2023-04-09,2023-04-13,2024-04-12,
POL0001609,VIDA_DEUDORES,VIDA_DEUDORES,2023-07-19,2023-07-24,2026-07-23,
POL0001610,SOAT,SOAT,2023-02-04,2023-02-11,2024-02-10,2023-03-13
POL0001611,AUTOS,AUTOS_LIVIANOS,2024-10-06,2024-10-08,2025-10-07,
POL0001612,HOGAR,HOGAR,2023-04-15,2023-04-21,2024-04-20,2023-05-21
POL0001613,AUTOS,AUTOS_PESADOS,2024-04-07,2024-04-14,2025-04-13,2024-05-14
POL0001614,CUMPLIMIENTO,CUMPL_PRIVADO,2023-02-22,2023-02-23,2026-02-22,
POL0001615,CUMPLIMIENTO,CUMPL_ESTATAL,2024-10-21,2024-10-27,2026-10-26,
POL0001616,CUMPLIMIENTO,CUMPL_ESTATAL,2024-12-28,2024-12-30,2026-12-29,
POL0001617,VIDA_DEUDORES,VIDA_DEUDORES,2024-08-07,2024-08-19,2028-08-18,
POL0001618,AUTOS,AUTOS_LIVIANOS,2024-11-16,2024-11-18,2025-11-17,
POL0001619,CUMPLIMIENTO,CUMPL_PRIVADO,2023-07-02,2023-07-14,2025-07-13,
POL0001620,AUTOS,AUTOS_LIVIANOS,2024-08-25,2024-08-27,2025-08-26,
POL0001621,AUTOS,AUTOS_LIVIANOS,2024-08-27,2024-09-03,2025-09-02,2024-10-03
POL0001622,SOAT,SOAT,2023-06-26,2023-07-07,2024-07-06,2023-08-06
POL0001623,VIDA_DEUDORES,VIDA_DEUDORES,2023-05-20,2023-06-02,2028-06-01,
POL0001624,HOGAR,HOGAR,2024-06-17,2024-06-24,2025-06-23,
POL0001625,AUTOS,AUTOS_PESADOS,2024-11-23,2024-11-30,2025-11-29,2024-12-30
POL0001626,CUMPLIMIENTO,CUMPL_ESTATAL,2023-02-14,2023-02-18,2025-02-17,2023-03-20
POL0001627,HOGAR,HOGAR,2024-02-19,2024-02-27,2025-02-26,2024-03-28
POL0001628,CUMPLIMIENTO,CUMPL_PRIVADO,2024-10-05,2024-10-11,2025-10-10,
POL0001629,SOAT,SOAT,2023-08-13,2023-08-16,2024-08-15,
POL0001630,CUMPLIMIENTO,CUMPL_ESTATAL,2023-09-14,2023-09-24,2026-09-23,
POL0001631,AUTOS,AUTOS_LIVIANOS,2024-05-17,2024-05-25,2025-05-24,
POL0001632,HOGAR,HOGAR,2023-09-18,2023-09-18,2024-09-17,
POL0001633,VIDA_DEUDORES,VIDA_DEUDORES,2024-07-01,2024-07-05,2027-07-04,
POL0001634,AUTOS,AUTOS_PESADOS,2023-02-26,2023-03-02,2024-03-01,
POL0001635,AUTOS,AUTOS_LIVIANOS,2024-03-31,2024-04-02,2025-04-01,
POL0001636,VIDA_DEUDORES,VIDA_DEUDORES,2024-01-19,2024-01-19,2029-01-18,2024-02-18
POL0001637,SOAT,SOAT,2023-10-22,2023-11-02,2024-11-01,
POL0001638,HOGAR,HOGAR,2024-12-10,2024-12-24,2025-12-23,
POL0001639,AUTOS,AUTOS_LIVIANOS,2024-11-18,2024-11-28,2025-11-27,
POL0001640,CUMPLIMIENTO,CUMPL_ESTATAL,2024-11-11,2024-11-17,2026-11-16,
POL0001641,AUTOS,AUTOS_LIVIANOS,2023-03-20,2023-03-25,2024-03-24,
POL0001642,CUMPLIMIENTO,CUMPL_ESTATAL,2023-04-24,2023-05-06,2026-05-05,
POL0001643,HOGAR,HOGAR,2024-12-08,2024-12-10,2025-12-09,2025-01-09
POL0001644,HOGAR,HOGAR,2024-10-01,2024-10-15,2025-10-14,
POL0001645,AUTOS,AUTOS_LIVIANOS,2024-05-07,2024-05-22,2025-05-21,
POL0001646,SOAT,SOAT,2022-12-30,2023-01-09,2024-01-08,
POL0001647,HOGAR,HOGAR,2022-12-21,2023-01-04,2024-01-03,2023-02-03
POL0001648,AUTOS,AUTOS_PESADOS,2023-01-22,2023-01-26,2024-01-25,
POL0001649,SOAT,SOAT,2023-05-03,2023-05-08,2024-05-07,
POL0001650,AUTOS,AUTOS_PESADOS,2024-10-23,2024-11-03,2025-11-02,
POL0001651,CUMPLIMIENTO,CUMPL_PRIVADO,2024-04-26,2024-05-04,2025-05-03,
POL0001652,AUTOS,AUTOS_LIVIANOS,2024-01-14,2024-01-20,2025-01-19,
POL0001653,CUMPLIMIENTO,CUMPL_ESTATAL,2023-03-15,2023-03-30,2025-03-29,
POL0001654,AUTOS,AUTOS_PESADOS,2023-07-14,2023-07-21,2024-07-20,
POL0001655,CUMPLIMIENTO,CUMPL_ESTATAL,2024-09-24,2024-10-04,2026-10-03,
POL0001656,SOAT,SOAT,2024-11-06,2024-11-17,2025-11-16,
POL0001657,SOAT,SOAT,2024-02-20,2024-03-06,2025-03-05,
POL0001658,SOAT,SOAT,2024-03-11,2024-03-14,2025-03-13,2024-04-13
POL0001659,AUTOS,AUTOS_PESADOS,2024-12-02,2024-12-15,2025-12-14,2025-01-14
POL0001660,SOAT,SOAT,2024-09-27,2024-10-11,2025-10-10,
POL0001661,AUTOS,AUTOS_PESADOS,2023-12-19,2023-12-21,2024-12-20,
POL0001662,CUMPLIMIENTO,CUMPL_PRIVADO,2024-07-04,2024-07-19,2026-07-18,
POL0001663,CUMPLIMIENTO,CUMPL_ESTATAL,2023-07-24,2023-08-05,2024-08-04,
POL0001664,HOGAR,HOGAR,2023-04-14,2023-04-20,2024-04-19,
POL0001665,HOGAR,HOGAR,2024-12-14,2024-12-18,2025-12-17,
POL0001666,AUTOS,AUTOS_LIVIANOS,2024-10-06,2024-10-18,2025-10-17,
POL0001667,SOAT,SOAT,2024-07-13,2024-07-25,2025-07-24,
POL0001668,SOAT,SOAT,2024-02-23,2024-03-01,2025-02-28,
POL0001669,SOAT,SOAT,2024-05-28,2024-06-08,2025-06-07,
POL0001670,HOGAR,HOGAR,2023-04-06,2023-04-20,2024-04-19,2023-05-20
POL0001671,AUTOS,AUTOS_LIVIANOS,2023-04-16,2023-04-17,2024-04-16,
POL0001672,VIDA_DEUDORES,VIDA_DEUDORES,2024-12-21,2024-12-27,2028-12-26,
POL0001673,AUTOS,AUTOS_PESADOS,2023-10-07,2023-10-15,2024-10-14,
POL0001674,SOAT,SOAT,2023-11-22,2023-11-24,2024-11-23,
POL0001675,SOAT,SOAT,2023-09-13,2023-09-13,2024-09-12,
POL0001676,HOGAR,HOGAR,2024-06-30,2024-07-04,2025-07-03,
POL0001677,AUTOS,AUTOS_LIVIANOS,2023-11-14,2023-11-22,2024-11-21,
POL0001678,AUTOS,AUTOS_LIVIANOS,2023-08-18,2023-08-25,2024-08-24,2023-09-24
POL0001679,SOAT,SOAT,2024-10-24,2024-11-01,2025-10-31,
POL0001680,VIDA_DEUDORES,VIDA_DEUDORES,2023-08-27,2023-09-07,2027-09-06,
POL0001681,HOGAR,HOGAR,2024-07-22,2024-07-24,2025-07-23,
POL0001682,AUTOS,AUTOS_LIVIANOS,2024-03-14,2024-03-25,2025-03-24,2024-04-24
POL0001683,SOAT,SOAT,2023-07-17,2023-07-18,2024-07-17,
POL0001684,AUTOS,AUTOS_PESADOS,2024-04-03,2024-04-17,2025-04-16,
POL0001685,SOAT,SOAT,2023-10-04,2023-10-12,2024-10-11,
POL0001686,VIDA_DEUDORES,VIDA_DEUDORES,2023-05-09,2023-05-21,2028-05-20,
POL0001687,HOGAR,HOGAR,2023-08-30,2023-09-10,2024-09-09,
POL0001688,CUMPLIMIENTO,CUMPL_ESTATAL,2024-01-11,2024-01-17,2027-01-16,
POL0001689,VIDA_DEUDORES,VIDA_DEUDORES,2024-10-09,2024-10-11,2029-10-10,
POL0001690,AUTOS,AUTOS_PESADOS,2023-12-23,2024-01-02,2025-01-01,
POL0001691,SOAT,SOAT,2023-08-22,2023-08-26,2024-08-25,
POL0001692,AUTOS,AUTOS_PESADOS,2024-06-27,2024-06-27,2025-06-26,2024-07-27
POL0001693,VIDA_DEUDORES,VIDA_DEUDORES,2023-01-13,2023-01-16,2027-01-15,
POL0001694,VIDA_DEUDORES,VIDA_DEUDORES,2024-08-21,2024-09-02,2029-09-01,
POL0001695,AUTOS,AUTOS_LIVIANOS,2023-11-07,2023-11-17,2024-11-16,2023-12-17
POL0001696,AUTOS,AUTOS_LIVIANOS,2024-04-29,2024-05-03,2025-05-02,
POL0001697,HOGAR,HOGAR,2023-09-13,2023-09-15,2024-09-14,2023-10-15
POL0001698,VIDA_DEUDORES,VIDA_DEUDORES,2024-02-07,2024-02-14,2029-02-13,
POL0001699,HOGAR,HOGAR,2023-05-18,2023-05-23,2024-05-22,2023-06-22
POL0001700,CUMPLIMIENTO,CUMPL_PRIVADO,2024-01-10,2024-01-10,2026-01-09,2024-02-09
POL0001701,SOAT,SOAT,2024-07-20,2024-08-03,2025-08-02,
POL0001702,VIDA_DEUDORES,VIDA_DEUDORES,2024-05-14,2024-05-24,2029-05-23,
POL0001703,AUTOS,AUTOS_LIVIANOS,2023-06-13,2023-06-23,2024-06-22,
POL0001704,HOGAR,HOGAR,2024-12-22,2024-12-29,2025-12-28,
POL0001705,HOGAR,HOGAR,2024-02-02,2024-02-12,2025-02-11,
POL0001706,SOAT,SOAT,2023-10-02,2023-10-08,2024-10-07,
POL0001707,AUTOS,AUTOS_PESADOS,2024-02-08,2024-02-14,2025-02-13,
POL0001708,SOAT,SOAT,2024-11-06,2024-11-21,2025-11-20,
POL0001709,VIDA_DEUDORES,VIDA_DEUDORES,2024-10-06,2024-10-13,2029-10-12,2024-11-12
POL0001710,HOGAR,HOGAR,2024-08-19,2024-08-21,2025-08-20,2024-09-20
POL0001711,SOAT,SOAT,2024-07-07,2024-07-14,2025-07-13,
POL0001712,SOAT,SOAT,2023-04-05,2023-04-14,2024-04-13,
POL0001713,AUTOS,AUTOS_PESADOS,2024-01-10,2024-01-21,2025-01-20,
POL0001714,VIDA_DEUDORES,VIDA_DEUDORES,2023-12-05,2023-12-08,2028-12-07,
POL0001715,CUMPLIMIENTO,CUMPL_PRIVADO,2024-07-23,2024-07-29,2025-07-28,
POL0001716,HOGAR,HOGAR,2024-08-14,2024-08-17,2025-08-16,2024-09-16
POL0001717,HOGAR,HOGAR,2023-08-29,2023-09-04,2024-09-03,
POL0001718,CUMPLIMIENTO,CUMPL_PRIVADO,2024-10-05,2024-10-12,2027-10-11,
POL0001719,CUMPLIMIENTO,CUMPL_ESTATAL,2023-08-30,2023-09-01,2026-08-31,
POL0001720,VIDA_DEUDORES,VIDA_DEUDORES,2023-04-15,2023-04-21,2027-04-20,
POL0001721,SOAT,SOAT,2023-09-07,2023-09-13,2024-09-12,
POL0001722,VIDA_DEUDORES,VIDA_DEUDORES,2024-04-18,2024-05-02,2028-05-01,2024-06-01
POL0001723,CUMPLIMIENTO,CUMPL_ESTATAL,2024-09-19,2024-09-23,2027-09-22,
POL0001724,HOGAR,HOGAR,2023-08-14,2023-08-21,2024-08-20,
POL0001725,SOAT,SOAT,2023-12-01,2023-12-04,2024-12-03,
POL0001726,AUTOS,AUTOS_LIVIANOS,2024-07-06,2024-07-12,2025-07-11,
POL0001727,CUMPLIMIENTO,CUMPL_PRIVADO,2024-03-30,2024-04-12,2026-04-11,
POL0001728,SOAT,SOAT,2024-06-04,2024-06-05,2025-06-04,
POL0001729,CUMPLIMIENTO,CUMPL_PRIVADO,2024-05-24,2024-05-29,2026-05-28,
POL0001730,HOGAR,HOGAR,2023-10-14,2023-10-20,2024-10-19,2023-11-19
POL0001731,VIDA_DEUDORES,VIDA_DEUDORES,2023-12-12,2023-12-14,2027-12-13,
POL0001732,VIDA_DEUDORES,VIDA_DEUDORES,2024-06-21,2024-06-22,2029-06-21,2024-07-22
POL0001733,VIDA_DEUDORES,VIDA_DEUDORES,2024-01-02,2024-01-16,2027-01-15,
POL0001734,AUTOS,AUTOS_PESADOS,2024-06-05,2024-06-19,2025-06-18,
POL0001735,CUMPLIMIENTO,CUMPL_PRIVADO,2023-12-22,2023-12-31,2024-12-30,
POL0001736,AUTOS,AUTOS_PESADOS,2024-02-14,2024-02-19,2025-02-18,
POL0001737,AUTOS,AUTOS_LIVIANOS,2024-07-27,2024-08-02,2025-08-01,2024-09-01
POL0001738,AUTOS,AUTOS_PESADOS,2024-12-09,2024-12-12,2025-12-11,2025-01-11
POL0001739,AUTOS,AUTOS_PESADOS,2024-02-05,2024-02-15,2025-02-14,
POL0001740,SOAT,SOAT,2024-02-03,2024-02-16,2025-02-15,
POL0001741,HOGAR,HOGAR,2024-02-02,2024-02-07,2025-02-06,
POL0001742,SOAT,SOAT,2023-10-21,2023-10-21,2024-10-20,
POL0001743,AUTOS,AUTOS_LIVIANOS,2024-05-11,2024-05-25,2025-05-24,
POL0001744,VIDA_DEUDORES,VIDA_DEUDORES,2024-09-27,2024-10-03,2028-10-02,2024-11-02
POL0001745,SOAT,SOAT,2024-12-01,2024-12-15,2025-12-14,
POL0001746,CUMPLIMIENTO,CUMPL_ESTATAL,2023-08-14,2023-08-20,2024-08-19,
POL0001747,AUTOS,AUTOS_LIVIANOS,2023-04-07,2023-04-20,2024-04-19,
POL0001748,VIDA_DEUDORES,VIDA_DEUDORES,2024-06-03,2024-06-08,2029-06-07,2024-07-08
POL0001749,CUMPLIMIENTO,CUMPL_PRIVADO,2024-04-02,2024-04-03,2027-04-02,
POL0001750,SOAT,SOAT,2023-08-19,2023-08-29,2024-08-28,
POL0001751,AUTOS,AUTOS_LIVIANOS,2023-04-08,2023-04-14,2024-04-13,
POL0001752,CUMPLIMIENTO,CUMPL_ESTATAL,2023-08-22,2023-09-01,2025-08-31,
POL0001753,HOGAR,HOGAR,2023-11-09,2023-11-16,2024-11-15,
POL0001754,HOGAR,HOGAR,2023-05-09,2023-05-14,2024-05-13,2023-06-13
POL0001755,AUTOS,AUTOS_PESADOS,2023-07-05,2023-07-08,2024-07-07,
POL0001756,HOGAR,HOGAR,2023-05-10,2023-05-14,2024-05-13,2023-06-13
POL0001757,SOAT,SOAT,2024-03-27,2024-03-27,2025-03-26,2024-04-26
POL0001758,VIDA_DEUDORES,VIDA_DEUDORES,2023-12-06,2023-12-09,2027-12-08,
POL0001759,HOGAR,HOGAR,2023-02-27,2023-03-13,2024-03-12,
POL0001760,CUMPLIMIENTO,CUMPL_ESTATAL,2024-03-16,2024-03-29,2026-03-28,
POL0001761,CUMPLIMIENTO,CUMPL_PRIVADO,2024-08-30,2024-09-14,2027-09-13,2024-10-14
POL0001762,HOGAR,HOGAR,2023-11-27,2023-11-29,2024-11-28,
POL0001763,AUTOS,AUTOS_PESADOS,2024-01-09,2024-01-15,2025-01-14,
POL0001764,VIDA_DEUDORES,VIDA_DEUDORES,2023-06-23,2023-06-27,2027-06-26,2023-07-27
POL0001765,SOAT,SOAT,2024-09-30,2024-10-08,2025-10-07,
POL0001766,AUTOS,AUTOS_PESADOS,2023-09-13,2023-09-27,2024-09-26,
POL0001767,SOAT,SOAT,2024-03-28,2024-04-05,2025-04-04,
POL0001768,HOGAR,HOGAR,2023-05-28,2023-06-06,2024-06-05,
POL0001769,HOGAR,HOGAR,2023-04-08,2023-04-20,2024-04-19,
POL0001770,CUMPLIMIENTO,CUMPL_PRIVADO,2023-10-20,2023-11-04,2026-11-03,
POL0001771,AUTOS,AUTOS_LIVIANOS,2023-06-07,2023-06-12,2024-06-11,
POL0001772,HOGAR,HOGAR,2023-10-23,2023-11-05,2024-11-04,2023-12-05
POL0001773,SOAT,SOAT,2024-09-22,2024-09-27,2025-09-26,
POL0001774,AUTOS,AUTOS_PESADOS,2023-03-11,2023-03-20,2024-03-19,
POL0001775,AUTOS,AUTOS_LIVIANOS,2023-04-17,2023-04-21,2024-04-20,2023-05-21
POL0001776,VIDA_DEUDORES,VIDA_DEUDORES,2024-06-02,2024-06-16,2027-06-15,
POL0001777,VIDA_DEUDORES,VIDA_DEUDORES,2024-08-31,2024-09-12,2027-09-11,2024-10-12
POL0001778,AUTOS,AUTOS_PESADOS,2024-09-10,2024-09-24,2025-09-23,
POL0001779,AUTOS,AUTOS_PESADOS,2023-05-11,2023-05-14,2024-05-13,
POL0001780,SOAT,SOAT,2023-03-11,2023-03-16,2024-03-15,
POL0001781,HOGAR,HOGAR,2023-10-06,2023-10-13,2024-10-12,2023-11-12
POL0001782,VIDA_DEUDORES,VIDA_DEUDORES,2024-08-15,2024-08-29,2029-08-28,
POL0001783,SOAT,SOAT,2024-01-21,2024-02-04,2025-02-03,
POL0001784,HOGAR,HOGAR,2024-11-30,2024-12-15,2025-12-14,
POL0001785,CUMPLIMIENTO,CUMPL_PRIVADO,2024-03-12,2024-03-21,2026-03-20,
POL0001786,AUTOS,AUTOS_PESADOS,2024-04-27,2024-05-11,2025-05-10,
POL0001787,CUMPLIMIENTO,CUMPL_ESTATAL,2023-12-29,2024-01-07,2025-01-06,
POL0001788,VIDA_DEUDORES,VIDA_DEUDORES,2024-11-25,2024-11-27,2028-11-26,2024-12-27
POL0001789,SOAT,SOAT,2023-09-12,2023-09-15,2024-09-14,
POL0001790,HOGAR,HOGAR,2023-05-29,2023-06-01,2024-05-31,
POL0001791,HOGAR,HOGAR,2024-07-14,2024-07-15,2025-07-14,2024-08-14
POL0001792,VIDA_DEUDORES,VIDA_DEUDORES,2023-12-01,2023-12-07,2027-12-06,
POL0001793,AUTOS,AUTOS_PESADOS,2024-02-14,2024-02-25,2025-02-24,
POL0001794,CUMPLIMIENTO,CUMPL_ESTATAL,2023-06-15,2023-06-21,2025-06-20,
POL0001795,VIDA_DEUDORES,VIDA_DEUDORES,2024-11-04,2024-11-10,2027-11-09,
POL0001796,SOAT,SOAT,2023-03-03,2023-03-15,2024-03-14,2023-04-14
POL0001797,VIDA_DEUDORES,VIDA_DEUDORES,2024-05-12,2024-05-23,2029-05-22,
POL0001798,AUTOS,AUTOS_LIVIANOS,2023-10-11,2023-10-22,2024-10-21,
POL0001799,VIDA_DEUDORES,VIDA_DEUDORES,2023-10-26,2023-11-09,2028-11-08,
POL0001800,SOAT,SOAT,2023-11-13,2023-11-18,2024-11-17,
POL0001801,HOGAR,HOGAR,2023-05-13,2023-05-28,2024-05-27,
POL0001802,VIDA_DEUDORES,VIDA_DEUDORES,2024-11-27,2024-12-04,2029-12-03,
POL0001803,HOGAR,HOGAR,2024-06-16,2024-06-26,2025-06-25,
POL0001804,VIDA_DEUDORES,VIDA_DEUDORES,2024-05-24,2024-06-07,2027-06-06,
POL0001805,AUTOS,AUTOS_LIVIANOS,2023-03-24,2023-03-25,2024-03-24,
POL0001806,SOAT,SOAT,2024-08-03,2024-08-13,2025-08-12,2024-09-12
POL0001807,SOAT,SOAT,2024-06-22,2024-07-02,2025-07-01,
POL0001808,AUTOS,AUTOS_PESADOS,2023-04-25,2023-05-05,2024-05-04,
POL0001809,AUTOS,AUTOS_PESADOS,2023-03-08,2023-03-23,2024-03-22,
POL0001810,VIDA_DEUDORES,VIDA_DEUDORES,2024-07-12,2024-07-23,2028-07-22,
POL0001811,CUMPLIMIENTO,CUMPL_ESTATAL,2024-01-19,2024-01-24,2026-01-23,
POL0001812,HOGAR,HOGAR,2024-09-13,2024-09-28,2025-09-27,
POL0001813,HOGAR,HOGAR,2023-08-03,2023-08-15,2024-08-14,
POL0001814,HOGAR,HOGAR,2023-02-23,2023-03-06,2024-03-05,2023-04-05
POL0001815,AUTOS,AUTOS_LIVIANOS,2023-07-11,2023-07-12,2024-07-11,
POL0001816,VIDA_DEUDORES,VIDA_DEUDORES,2024-01-11,2024-01-21,2029-01-20,2024-02-20
POL0001817,VIDA_DEUDORES,VIDA_DEUDORES,2023-09-25,2023-09-30,2026-09-29,
POL0001818,AUTOS,AUTOS_PESADOS,2023-03-30,2023-04-12,2024-04-11,
POL0001819,HOGAR,HOGAR,2022-12-28,2023-01-09,2024-01-08,2023-02-08
POL0001820,AUTOS,AUTOS_PESADOS,2024-01-15,2024-01-30,2025-01-29,2024-02-29
POL0001821,AUTOS,AUTOS_PESADOS,2023-08-09,2023-08-17,2024-08-16,
POL0001822,AUTOS,AUTOS_LIVIANOS,2023-04-14,2023-04-29,2024-04-28,
POL0001823,VIDA_DEUDORES,VIDA_DEUDORES,2024-01-11,2024-01-17,2028-01-16,
POL0001824,AUTOS,AUTOS_LIVIANOS,2023-10-28,2023-11-05,2024-11-04,
POL0001825,CUMPLIMIENTO,CUMPL_ESTATAL,2024-03-16,2024-03-23,2025-03-22,
POL0001826,HOGAR,HOGAR,2023-09-24,2023-10-04,2024-10-03,
POL0001827,CUMPLIMIENTO,CUMPL_ESTATAL,2023-07-23,2023-07-26,2026-07-25,2023-08-25
POL0001828,AUTOS,AUTOS_LIVIANOS,2023-05-01,2023-05-15,2024-05-14,2023-06-14
POL0001829,HOGAR,HOGAR,2023-09-30,2023-10-13,2024-10-12,
POL0001830,AUTOS,AUTOS_LIVIANOS,2023-05-11,2023-05-21,2024-05-20,2023-06-20
POL0001831,HOGAR,HOGAR,2023-06-29,2023-07-10,2024-07-09,
POL0001832,SOAT,SOAT,2023-01-29,2023-02-08,2024-02-07,
POL0001833,AUTOS,AUTOS_PESADOS,2024-10-17,2024-10-24,2025-10-23,
POL0001834,HOGAR,HOGAR,2023-10-18,2023-10-19,2024-10-18,2023-11-18
POL0001835,CUMPLIMIENTO,CUMPL_PRIVADO,2024-06-03,2024-06-13,2026-06-12,
POL0001836,SOAT,SOAT,2023-05-23,2023-05-24,2024-05-23,
POL0001837,SOAT,SOAT,2024-01-05,2024-01-16,2025-01-15,2024-02-15
POL0001838,VIDA_DEUDORES,VIDA_DEUDORES,2024-09-01,2024-09-12,2029-09-11,
POL0001839,VIDA_DEUDORES,VIDA_DEUDORES,2023-06-22,2023-07-03,2028-07-02,
POL0001840,AUTOS,AUTOS_PESADOS,2023-09-17,2023-09-21,2024-09-20,2023-10-21
POL0001841,CUMPLIMIENTO,CUMPL_PRIVADO,2023-11-12,2023-11-25,2024-11-24,
POL0001842,HOGAR,HOGAR,2024-05-26,2024-06-07,2025-06-06,
POL0001843,SOAT,SOAT,2023-08-30,2023-08-31,2024-08-30,
POL0001844,AUTOS,AUTOS_LIVIANOS,2023-11-30,2023-12-10,2024-12-09,
POL0001845,CUMPLIMIENTO,CUMPL_PRIVADO,2024-07-30,2024-08-01,2027-07-31,2024-08-31
POL0001846,CUMPLIMIENTO,CUMPL_ESTATAL,2023-03-14,2023-03-27,2025-03-26,2023-04-26
POL0001847,HOGAR,HOGAR,2024-05-16,2024-05-27,2025-05-26,
POL0001848,HOGAR,HOGAR,2024-03-10,2024-03-17,2025-03-16,2024-04-16
POL0001849,CUMPLIMIENTO,CUMPL_PRIVADO,2024-08-16,2024-08-30,2025-08-29,
POL0001850,VIDA_DEUDORES,VIDA_DEUDORES,2024-12-04,2024-12-05,2028-12-04,
POL0001851,VIDA_DEUDORES,VIDA_DEUDORES,2023-05-09,2023-05-21,2027-05-20,
POL0001852,CUMPLIMIENTO,CUMPL_ESTATAL,2024-09-03,2024-09-17,2025-09-16,
POL0001853,CUMPLIMIENTO,CUMPL_PRIVADO,2023-11-13,2023-11-18,2025-11-17,
POL0001854,HOGAR,HOGAR,2023-07-02,2023-07-13,2024-07-12,
POL0001855,VIDA_DEUDORES,VIDA_DEUDORES,2024-05-16,2024-05-24,2029-05-23,
POL0001856,CUMPLIMIENTO,CUMPL_PRIVADO,2024-09-21,2024-09-23,2026-09-22,
POL0001857,AUTOS,AUTOS_PESADOS,2023-09-23,2023-10-08,2024-10-07,
POL0001858,CUMPLIMIENTO,CUMPL_ESTATAL,2023-07-08,2023-07-10,2026-07-09,
POL0001859,HOGAR,HOGAR,2023-03-08,2023-03-13,2024-03-12,
POL0001860,SOAT,SOAT,2023-08-04,2023-08-19,2024-08-18,
POL0001861,VIDA_DEUDORES,VIDA_DEUDORES,2023-02-24,2023-03-02,2027-03-01,
POL0001862,VIDA_DEUDORES,VIDA_DEUDORES,2023-03-09,2023-03-20,2026-03-19,
POL0001863,SOAT,SOAT,2023-06-02,2023-06-15,2024-06-14,2023-07-15
POL0001864,HOGAR,HOGAR,2023-11-28,2023-12-10,2024-12-09,
POL0001865,HOGAR,HOGAR,2023-11-19,2023-11-25,2024-11-24,2023-12-25
POL0001866,SOAT,SOAT,2024-02-25,2024-02-26,2025-02-25,
POL0001867,SOAT,SOAT,2024-09-27,2024-10-12,2025-10-11,2024-11-11
POL0001868,AUTOS,AUTOS_PESADOS,2024-03-08,2024-03-08,2025-03-07,
POL0001869,CUMPLIMIENTO,CUMPL_ESTATAL,2024-11-04,2024-11-13,2025-11-12,
POL0001870,HOGAR,HOGAR,2024-10-19,2024-10-24,2025-10-23,
POL0001871,HOGAR,HOGAR,2024-03-24,2024-03-31,2025-03-30,2024-04-30
POL0001872,SOAT,SOAT,2023-11-25,2023-11-25,2024-11-24,
POL0001873,AUTOS,AUTOS_LIVIANOS,2023-06-27,2023-07-10,2024-07-09,
POL0001874,CUMPLIMIENTO,CUMPL_PRIVADO,2024-10-20,2024-11-02,2025-11-01,
POL0001875,SOAT,SOAT,2024-11-24,2024-11-30,2025-11-29,
POL0001876,HOGAR,HOGAR,2023-04-03,2023-04-16,2024-04-15,
POL0001877,SOAT,SOAT,2024-07-14,2024-07-21,2025-07-20,
POL0001878,CUMPLIMIENTO,CUMPL_PRIVADO,2024-10-19,2024-10-21,2026-10-20,
POL0001879,AUTOS,AUTOS_LIVIANOS,2024-10-09,2024-10-18,2025-10-17,
POL0001880,AUTOS,AUTOS_PESADOS,2024-04-21,2024-04-29,2025-04-28,
POL0001881,AUTOS,AUTOS_PESADOS,2024-09-08,2024-09-14,2025-09-13,
POL0001882,VIDA_DEUDORES,VIDA_DEUDORES,2023-05-29,2023-06-01,2028-05-31,2023-07-01
POL0001883,VIDA_DEUDORES,VIDA_DEUDORES,2023-02-07,2023-02-14,2027-02-13,
POL0001884,CUMPLIMIENTO,CUMPL_ESTATAL,2024-02-22,2024-03-02,2027-03-01,
POL0001885,HOGAR,HOGAR,2024-04-02,2024-04-06,2025-04-05,
POL0001886,SOAT,SOAT,2023-02-03,2023-02-12,2024-02-11,2023-03-14
POL0001887,HOGAR,HOGAR,2024-03-09,2024-03-23,2025-03-22,
POL0001888,SOAT,SOAT,2024-04-14,2024-04-20,2025-04-19,
POL0001889,AUTOS,AUTOS_LIVIANOS,2023-07-23,2023-08-04,2024-08-03,
POL0001890,CUMPLIMIENTO,CUMPL_ESTATAL,2024-06-29,2024-07-12,2026-07-11,
POL0001891,CUMPLIMIENTO,CUMPL_PRIVADO,2023-08-24,2023-09-03,2024-09-02,2023-10-03
POL0001892,CUMPLIMIENTO,CUMPL_PRIVADO,2023-11-21,2023-11-30,2025-11-29,
POL0001893,AUTOS,AUTOS_PESADOS,2023-04-21,2023-04-25,2024-04-24,2023-05-25
POL0001894,SOAT,SOAT,2024-07-18,2024-07-29,2025-07-28,
POL0001895,HOGAR,HOGAR,2024-01-11,2024-01-20,2025-01-19,
POL0001896,VIDA_DEUDORES,VIDA_DEUDORES,2023-10-06,2023-10-16,2028-10-15,2023-11-15
POL0001897,SOAT,SOAT,2024-06-06,2024-06-21,2025-06-20,
POL0001898,AUTOS,AUTOS_PESADOS,2023-06-16,2023-06-16,2024-06-15,
POL0001899,HOGAR,HOGAR,2024-11-07,2024-11-22,2025-11-21,
POL0001900,SOAT,SOAT,2023-04-19,2023-04-22,2024-04-21,2023-05-22
POL0001901,VIDA_DEUDORES,VIDA_DEUDORES,2023-08-24,2023-09-01,2028-08-31,
POL0001902,HOGAR,HOGAR,2023-09-25,2023-09-25,2024-09-24,
POL0001903,VIDA_DEUDORES,VIDA_DEUDORES,2023-11-08,2023-11-18,2027-11-17,
POL0001904,VIDA_DEUDORES,VIDA_DEUDORES,2023-10-02,2023-10-02,2027-10-01,2023-11-01
POL0001905,VIDA_DEUDORES,VIDA_DEUDORES,2023-05-23,2023-05-29,2026-05-28,
POL0001906,AUTOS,AUTOS_PESADOS,2023-11-07,2023-11-09,2024-11-08,2023-12-09
POL0001907,HOGAR,HOGAR,2024-09-26,2024-10-05,2025-10-04,
POL0001908,SOAT,SOAT,2024-04-11,2024-04-19,2025-04-18,
POL0001909,SOAT,SOAT,2024-06-21,2024-07-02,2025-07-01,
POL0001910,HOGAR,HOGAR,2023-03-29,2023-04-11,2024-04-10,
POL0001911,AUTOS,AUTOS_PESADOS,2023-12-13,2023-12-22,2024-12-21,
POL0001912,CUMPLIMIENTO,CUMPL_PRIVADO,2024-01-30,2024-02-11,2026-02-10,
POL0001913,SOAT,SOAT,2024-05-26,2024-05-31,2025-05-30,
POL0001914,HOGAR,HOGAR,2024-03-30,2024-04-02,2025-04-01,
POL0001915,HOGAR,HOGAR,2024-09-20,2024-10-05,2025-10-04,
POL0001916,AUTOS,AUTOS_PESADOS,2024-01-05,2024-01-10,2025-01-09,
POL0001917,VIDA_DEUDORES,VIDA_DEUDORES,2024-08-23,2024-09-06,2027-09-05,2024-10-06
POL0001918,VIDA_DEUDORES,VIDA_DEUDORES,2024-02-26,2024-03-05,2029-03-04,
POL0001919,CUMPLIMIENTO,CUMPL_ESTATAL,2024-06-06,2024-06-10,2027-06-09,2024-07-10
POL0001920,HOGAR,HOGAR,2024-11-21,2024-12-01,2025-11-30,
POL0001921,VIDA_DEUDORES,VIDA_DEUDORES,2024-05-06,2024-05-19,2027-05-18,
POL0001922,SOAT,SOAT,2023-06-16,2023-06-18,2024-06-17,
POL0001923,AUTOS,AUTOS_LIVIANOS,2024-02-04,2024-02-07,2025-02-06,
POL0001924,CUMPLIMIENTO,CUMPL_PRIVADO,2023-03-03,2023-03-03,2026-03-02,
POL0001925,HOGAR,HOGAR,2024-05-29,2024-06-04,2025-06-03,
POL0001926,CUMPLIMIENTO,CUMPL_PRIVADO,2024-05-13,2024-05-22,2026-05-21,
POL0001927,HOGAR,HOGAR,2023-03-22,2023-04-01,2024-03-31,
POL0001928,CUMPLIMIENTO,CUMPL_PRIVADO,2023-11-24,2023-12-02,2025-12-01,
POL0001929,HOGAR,HOGAR,2023-02-23,2023-03-06,2024-03-05,
POL0001930,AUTOS,AUTOS_PESADOS,2024-04-13,2024-04-24,2025-04-23,
POL0001931,SOAT,SOAT,2024-09-03,2024-09-09,2025-09-08,
POL0001932,CUMPLIMIENTO,CUMPL_PRIVADO,2024-02-01,2024-02-10,2025-02-09,2024-03-11
POL0001933,AUTOS,AUTOS_PESADOS,2023-07-29,2023-08-13,2024-08-12,
POL0001934,CUMPLIMIENTO,CUMPL_ESTATAL,2023-11-25,2023-12-08,2025-12-07,
POL0001935,AUTOS,AUTOS_PESADOS,2024-01-22,2024-01-31,2025-01-30,2024-03-01
POL0001936,AUTOS,AUTOS_PESADOS,2023-09-27,2023-10-08,2024-10-07,2023-11-07
POL0001937,HOGAR,HOGAR,2023-09-06,2023-09-08,2024-09-07,
POL0001938,VIDA_DEUDORES,VIDA_DEUDORES,2023-05-03,2023-05-11,2026-05-10,
POL0001939,HOGAR,HOGAR,2023-01-12,2023-01-25,2024-01-24,
POL0001940,VIDA_DEUDORES,VIDA_DEUDORES,2024-11-02,2024-11-12,2028-11-11,
POL0001941,VIDA_DEUDORES,VIDA_DEUDORES,2024-07-29,2024-08-01,2029-07-31,
POL0001942,VIDA_DEUDORES,VIDA_DEUDORES,2023-08-16,2023-08-24,2026-08-23,
POL0001943,HOGAR,HOGAR,2023-12-29,2023-12-31,2024-12-30,
POL0001944,VIDA_DEUDORES,VIDA_DEUDORES,2024-12-04,2024-12-04,2029-12-03,
POL0001945,HOGAR,HOGAR,2024-01-24,2024-02-03,2025-02-02,2024-03-04
POL0001946,VIDA_DEUDORES,VIDA_DEUDORES,2024-12-17,2024-12-30,2028-12-29,2025-01-29
POL0001947,SOAT,SOAT,2024-02-07,2024-02-17,2025-02-16,
POL0001948,CUMPLIMIENTO,CUMPL_PRIVADO,2024-06-03,2024-06-03,2026-06-02,
POL0001949,VIDA_DEUDORES,VIDA_DEUDORES,2023-12-09,2023-12-21,2026-12-20,2024-01-20
POL0001950,VIDA_DEUDORES,VIDA_DEUDORES,2024-07-27,2024-08-09,2029-08-08,
POL0001951,CUMPLIMIENTO,CUMPL_ESTATAL,2023-09-24,2023-09-26,2024-09-25,2023-10-26
POL0001952,SOAT,SOAT,2023-04-15,2023-04-17,2024-04-16,2023-05-17
POL0001953,AUTOS,AUTOS_LIVIANOS,2023-02-19,2023-02-23,2024-02-22,
POL0001954,HOGAR,HOGAR,2023-11-28,2023-12-01,2024-11-30,
POL0001955,CUMPLIMIENTO,CUMPL_ESTATAL,2024-05-04,2024-05-08,2026-05-07,
POL0001956,AUTOS,AUTOS_PESADOS,2024-01-23,2024-01-27,2025-01-26,2024-02-26
POL0001957,AUTOS,AUTOS_LIVIANOS,2024-09-06,2024-09-20,2025-09-19,
POL0001958,CUMPLIMIENTO,CUMPL_ESTATAL,2023-06-09,2023-06-22,2025-06-21,
POL0001959,CUMPLIMIENTO,CUMPL_ESTATAL,2023-08-07,2023-08-15,2024-08-14,2023-09-14
POL0001960,SOAT,SOAT,2024-12-09,2024-12-17,2025-12-16,2025-01-16
POL0001961,CUMPLIMIENTO,CUMPL_PRIVADO,2024-03-05,2024-03-06,2025-03-05,
POL0001962,AUTOS,AUTOS_PESADOS,2023-03-13,2023-03-20,2024-03-19,2023-04-19
POL0001963,CUMPLIMIENTO,CUMPL_ESTATAL,2024-11-01,2024-11-09,2025-11-08,
POL0001964,HOGAR,HOGAR,2023-02-09,2023-02-12,2024-02-11,2023-03-14
POL0001965,SOAT,SOAT,2024-08-28,2024-09-11,2025-09-10,
POL0001966,HOGAR,HOGAR,2024-10-08,2024-10-23,2025-10-22,
POL0001967,CUMPLIMIENTO,CUMPL_ESTATAL,2023-10-02,2023-10-07,2024-10-06,
POL0001968,AUTOS,AUTOS_LIVIANOS,2023-12-31,2024-01-12,2025-01-11,
POL0001969,HOGAR,HOGAR,2024-07-02,2024-07-05,2025-07-04,2024-08-04
POL0001970,HOGAR,HOGAR,2023-06-21,2023-07-06,2024-07-05,
POL0001971,SOAT,SOAT,2023-01-07,2023-01-12,2024-01-11,
POL0001972,SOAT,SOAT,2024-04-14,2024-04-26,2025-04-25,2024-05-26
POL0001973,SOAT,SOAT,2024-10-10,2024-10-12,2025-10-11,2024-11-11
POL0001974,VIDA_DEUDORES,VIDA_DEUDORES,2023-08-10,2023-08-14,2027-08-13,2023-09-13
POL0001975,SOAT,SOAT,2024-12-05,2024-12-16,2025-12-15,
POL0001976,AUTOS,AUTOS_LIVIANOS,2023-03-16,2023-03-20,2024-03-19,2023-04-19
POL0001977,AUTOS,AUTOS_LIVIANOS,2023-12-03,2023-12-05,2024-12-04,2024-01-04
POL0001978,HOGAR,HOGAR,2024-04-18,2024-04-21,2025-04-20,2024-05-21
POL0001979,AUTOS,AUTOS_PESADOS,2024-08-08,2024-08-16,2025-08-15,2024-09-15
POL0001980,AUTOS,AUTOS_PESADOS,2024-01-09,2024-01-09,2025-01-08,
POL0001981,VIDA_DEUDORES,VIDA_DEUDORES,2023-09-01,2023-09-15,2028-09-14,
POL0001982,CUMPLIMIENTO,CUMPL_PRIVADO,2024-09-01,2024-09-10,2025-09-09,
POL0001983,AUTOS,AUTOS_PESADOS,2024-09-07,2024-09-13,2025-09-12,
POL0001984,HOGAR,HOGAR,2023-04-14,2023-04-25,2024-04-24,2023-05-25
POL0001985,AUTOS,AUTOS_PESADOS,2023-11-04,2023-11-15,2024-11-14,
POL0001986,VIDA_DEUDORES,VIDA_DEUDORES,2024-04-27,2024-05-08,2028-05-07,
POL0001987,HOGAR,HOGAR,2024-04-07,2024-04-22,2025-04-21,
POL0001988,SOAT,SOAT,2024-03-02,2024-03-15,2025-03-14,
POL0001989,CUMPLIMIENTO,CUMPL_PRIVADO,2024-05-06,2024-05-09,2025-05-08,
POL0001990,HOGAR,HOGAR,2023-07-10,2023-07-17,2024-07-16,
POL0001991,CUMPLIMIENTO,CUMPL_ESTATAL,2023-06-27,2023-07-05,2024-07-04,
POL0001992,VIDA_DEUDORES,VIDA_DEUDORES,2024-04-30,2024-05-13,2029-05-12,
POL0001993,SOAT,SOAT,2024-02-01,2024-02-04,2025-02-03,
POL0001994,SOAT,SOAT,2024-06-26,2024-07-05,2025-07-04,
POL0001995,AUTOS,AUTOS_LIVIANOS,2023-06-22,2023-07-01,2024-06-30,
POL0001996,AUTOS,AUTOS_PESADOS,2023-08-20,2023-08-31,2024-08-30,
POL0001997,HOGAR,HOGAR,2023-02-18,2023-02-27,2024-02-26,
POL0001998,SOAT,SOAT,2024-12-09,2024-12-09,2025-12-08,
POL0001999,AUTOS,AUTOS_PESADOS,2024-06-14,2024-06-22,2025-06-21,2024-07-22
POL0002000,AUTOS,AUTOS_PESADOS,2024-07-13,2024-07-15,2025-07-14,2024-08-14
